year,race,gestational_age_group,mother_age_group,births,deaths,mortality_rate
2003,Non-Hispanic Black,<28 weeks,Under 20,367,151,411.44414168937334
2003,Non-Hispanic Black,<28 weeks,20-24,1140,460,403.50877192982455
2003,Non-Hispanic Black,<28 weeks,25-29,1372,549,400.1457725947522
2003,Non-Hispanic Black,<28 weeks,30-34,1307,554,423.87146136189745
2003,Non-Hispanic Black,<28 weeks,35-39,844,343,406.3981042654028
2003,Non-Hispanic Black,<28 weeks,40 and over,714,279,390.7563025210084
2003,Non-Hispanic Black,28-31 weeks,Under 20,455,28,61.53846153846154
2003,Non-Hispanic Black,28-31 weeks,20-24,1458,85,58.29903978052126
2003,Non-Hispanic Black,28-31 weeks,25-29,1381,64,46.34322954380883
2003,Non-Hispanic Black,28-31 weeks,30-34,1295,61,47.10424710424711
2003,Non-Hispanic Black,28-31 weeks,35-39,927,48,51.77993527508091
2003,Non-Hispanic Black,28-31 weeks,40 and over,829,46,55.488540410132686
2003,Non-Hispanic Black,32-33 weeks,Under 20,556,6,10.79136690647482
2003,Non-Hispanic Black,32-33 weeks,20-24,1821,25,13.728720483250962
2003,Non-Hispanic Black,32-33 weeks,25-29,1781,23,12.91409320606401
2003,Non-Hispanic Black,32-33 weeks,30-34,1524,22,14.435695538057743
2003,Non-Hispanic Black,32-33 weeks,35-39,1146,13,11.343804537521814
2003,Non-Hispanic Black,32-33 weeks,40 and over,1018,22,21.611001964636543
2003,Non-Hispanic Black,34-36 weeks,Under 20,2682,24,8.94854586129754
2003,Non-Hispanic Black,34-36 weeks,20-24,9312,88,9.450171821305842
2003,Non-Hispanic Black,34-36 weeks,25-29,9380,79,8.422174840085287
2003,Non-Hispanic Black,34-36 weeks,30-34,8207,48,5.848665773120507
2003,Non-Hispanic Black,34-36 weeks,35-39,5650,38,6.725663716814159
2003,Non-Hispanic Black,34-36 weeks,40 and over,4829,26,5.384137502588528
2003,Non-Hispanic Black,37-38 weeks,Under 20,5969,37,6.198693248450327
2003,Non-Hispanic Black,37-38 weeks,20-24,23675,101,4.26610348468849
2003,Non-Hispanic Black,37-38 weeks,25-29,25018,99,3.9571508513870013
2003,Non-Hispanic Black,37-38 weeks,30-34,22212,59,2.656221862056546
2003,Non-Hispanic Black,37-38 weeks,35-39,14947,36,2.4085100689101493
2003,Non-Hispanic Black,37-38 weeks,40 and over,12182,44,3.6118863897553766
2003,Non-Hispanic Black,39-41 weeks,Under 20,11530,45,3.9028620988725065
2003,Non-Hispanic Black,39-41 weeks,20-24,43270,154,3.5590478391495264
2003,Non-Hispanic Black,39-41 weeks,25-29,43363,125,2.882641883633512
2003,Non-Hispanic Black,39-41 weeks,30-34,38421,83,2.160276931886208
2003,Non-Hispanic Black,39-41 weeks,35-39,24990,53,2.1208483393357342
2003,Non-Hispanic Black,39-41 weeks,40 and over,19619,54,2.7524338651307407
2003,Non-Hispanic Black,42+ weeks,Under 20,1504,9,5.98404255319149
2003,Non-Hispanic Black,42+ weeks,20-24,5390,21,3.896103896103896
2003,Non-Hispanic Black,42+ weeks,25-29,5228,25,4.781943381790359
2003,Non-Hispanic Black,42+ weeks,30-34,4375,12,2.742857142857143
2003,Non-Hispanic Black,42+ weeks,35-39,2793,11,3.938417472252059
2003,Non-Hispanic Black,42+ weeks,40 and over,2197,8,3.6413290851160673
2003,Non-Hispanic White,<28 weeks,Under 20,371,175,471.6981132075472
2003,Non-Hispanic White,<28 weeks,20-24,1638,717,437.72893772893775
2003,Non-Hispanic White,<28 weeks,25-29,2331,931,399.3993993993994
2003,Non-Hispanic White,<28 weeks,30-34,2838,1236,435.51797040169134
2003,Non-Hispanic White,<28 weeks,35-39,1780,732,411.23595505617976
2003,Non-Hispanic White,<28 weeks,40 and over,1115,467,418.8340807174888
2003,Non-Hispanic White,28-31 weeks,Under 20,612,34,55.55555555555555
2003,Non-Hispanic White,28-31 weeks,20-24,2795,186,66.5474060822898
2003,Non-Hispanic White,28-31 weeks,25-29,4144,219,52.84749034749034
2003,Non-Hispanic White,28-31 weeks,30-34,5029,223,44.34281169218533
2003,Non-Hispanic White,28-31 weeks,35-39,3482,164,47.09936817920735
2003,Non-Hispanic White,28-31 weeks,40 and over,2292,114,49.738219895287955
2003,Non-Hispanic White,32-33 weeks,Under 20,787,17,21.601016518424398
2003,Non-Hispanic White,32-33 weeks,20-24,3868,73,18.87280248190279
2003,Non-Hispanic White,32-33 weeks,25-29,6135,103,16.788916055419723
2003,Non-Hispanic White,32-33 weeks,30-34,7869,116,14.741390265599186
2003,Non-Hispanic White,32-33 weeks,35-39,5224,73,13.9739663093415
2003,Non-Hispanic White,32-33 weeks,40 and over,3278,48,14.643075045759609
2003,Non-Hispanic White,34-36 weeks,Under 20,4483,44,9.81485612313183
2003,Non-Hispanic White,34-36 weeks,20-24,25385,220,8.666535355524916
2003,Non-Hispanic White,34-36 weeks,25-29,41173,262,6.363393486022393
2003,Non-Hispanic White,34-36 weeks,30-34,50262,267,5.312164259281365
2003,Non-Hispanic White,34-36 weeks,35-39,31898,166,5.2040880305975294
2003,Non-Hispanic White,34-36 weeks,40 and over,19170,109,5.685967657798644
2003,Non-Hispanic White,37-38 weeks,Under 20,11968,64,5.347593582887701
2003,Non-Hispanic White,37-38 weeks,20-24,79108,339,4.285280881832431
2003,Non-Hispanic White,37-38 weeks,25-29,141079,370,2.6226440504965307
2003,Non-Hispanic White,37-38 weeks,30-34,176618,335,1.8967489157390527
2003,Non-Hispanic White,37-38 weeks,35-39,110851,223,2.0117094117328667
2003,Non-Hispanic White,37-38 weeks,40 and over,61233,165,2.694625447062858
2003,Non-Hispanic White,39-41 weeks,Under 20,27559,105,3.8100076200152397
2003,Non-Hispanic White,39-41 weeks,20-24,172515,472,2.7359939715387065
2003,Non-Hispanic White,39-41 weeks,25-29,296151,517,1.745731062869955
2003,Non-Hispanic White,39-41 weeks,30-34,352939,464,1.314674773827772
2003,Non-Hispanic White,39-41 weeks,35-39,211671,280,1.322807564569544
2003,Non-Hispanic White,39-41 weeks,40 and over,112987,178,1.5754024799313195
2003,Non-Hispanic White,42+ weeks,Under 20,4494,18,4.005340453938585
2003,Non-Hispanic White,42+ weeks,20-24,25253,79,3.128341187185681
2003,Non-Hispanic White,42+ weeks,25-29,34594,72,2.081285772099208
2003,Non-Hispanic White,42+ weeks,30-34,33961,57,1.6783958069550367
2003,Non-Hispanic White,42+ weeks,35-39,18770,43,2.2908897176345233
2003,Non-Hispanic White,42+ weeks,40 and over,10498,24,2.286149742808154
2004,Non-Hispanic Black,<28 weeks,Under 20,1594,712,446.6750313676286
2004,Non-Hispanic Black,<28 weeks,20-24,2842,1238,435.6087262491203
2004,Non-Hispanic Black,<28 weeks,25-29,2370,1066,449.789029535865
2004,Non-Hispanic Black,<28 weeks,30-34,1798,824,458.28698553948834
2004,Non-Hispanic Black,<28 weeks,35-39,985,412,418.2741116751269
2004,Non-Hispanic Black,<28 weeks,40 and over,241,100,414.9377593360996
2004,Non-Hispanic Black,28-31 weeks,Under 20,2084,113,54.22264875239923
2004,Non-Hispanic Black,28-31 weeks,20-24,3342,195,58.348294434470375
2004,Non-Hispanic Black,28-31 weeks,25-29,2454,136,55.41972290138549
2004,Non-Hispanic Black,28-31 weeks,30-34,1976,105,53.13765182186235
2004,Non-Hispanic Black,28-31 weeks,35-39,1112,49,44.064748201438846
2004,Non-Hispanic Black,28-31 weeks,40 and over,357,20,56.022408963585434
2004,Non-Hispanic Black,32-33 weeks,Under 20,2601,51,19.607843137254903
2004,Non-Hispanic Black,32-33 weeks,20-24,4163,84,20.177756425654575
2004,Non-Hispanic Black,32-33 weeks,25-29,2996,48,16.02136181575434
2004,Non-Hispanic Black,32-33 weeks,30-34,2144,38,17.723880597014926
2004,Non-Hispanic Black,32-33 weeks,35-39,1223,16,13.082583810302536
2004,Non-Hispanic Black,32-33 weeks,40 and over,417,5,11.990407673860911
2004,Non-Hispanic Black,34-36 weeks,Under 20,11401,113,9.911411279712306
2004,Non-Hispanic Black,34-36 weeks,20-24,20593,230,11.168843781867626
2004,Non-Hispanic Black,34-36 weeks,25-29,15190,111,7.307439104674128
2004,Non-Hispanic Black,34-36 weeks,30-34,10497,75,7.144898542440697
2004,Non-Hispanic Black,34-36 weeks,35-39,5994,45,7.5075075075075075
2004,Non-Hispanic Black,34-36 weeks,40 and over,1739,20,11.500862564692353
2004,Non-Hispanic Black,37-38 weeks,Under 20,25747,139,5.3986872256961975
2004,Non-Hispanic Black,37-38 weeks,20-24,51755,253,4.888416578108395
2004,Non-Hispanic Black,37-38 weeks,25-29,38917,178,4.57383662666701
2004,Non-Hispanic Black,37-38 weeks,30-34,26625,87,3.267605633802817
2004,Non-Hispanic Black,37-38 weeks,35-39,14031,55,3.9198916684484355
2004,Non-Hispanic Black,37-38 weeks,40 and over,3749,22,5.868231528407575
2004,Non-Hispanic Black,39-41 weeks,Under 20,48676,204,4.1909770728901306
2004,Non-Hispanic Black,39-41 weeks,20-24,92620,352,3.8004750593824226
2004,Non-Hispanic Black,39-41 weeks,25-29,66811,216,3.2330005538010207
2004,Non-Hispanic Black,39-41 weeks,30-34,43815,83,1.894328426338012
2004,Non-Hispanic Black,39-41 weeks,35-39,20679,46,2.2244789399874265
2004,Non-Hispanic Black,39-41 weeks,40 and over,5026,27,5.372065260644648
2004,Non-Hispanic Black,42+ weeks,Under 20,6496,34,5.233990147783251
2004,Non-Hispanic Black,42+ weeks,20-24,11493,57,4.959540589924301
2004,Non-Hispanic Black,42+ weeks,25-29,7899,24,3.038359285985568
2004,Non-Hispanic Black,42+ weeks,30-34,4765,11,2.308499475341028
2004,Non-Hispanic Black,42+ weeks,35-39,2303,10,4.342162396873643
2004,Non-Hispanic Black,42+ weeks,40 and over,601,4,6.655574043261232
2004,Non-Hispanic White,<28 weeks,Under 20,1381,648,469.2251991310644
2004,Non-Hispanic White,<28 weeks,20-24,2615,1147,438.623326959847
2004,Non-Hispanic White,<28 weeks,25-29,2938,1232,419.3328795098706
2004,Non-Hispanic White,<28 weeks,30-34,2797,1142,408.2946013585985
2004,Non-Hispanic White,<28 weeks,35-39,1627,709,435.7713583282115
2004,Non-Hispanic White,<28 weeks,40 and over,502,204,406.3745019920319
2004,Non-Hispanic White,28-31 weeks,Under 20,1960,112,57.14285714285714
2004,Non-Hispanic White,28-31 weeks,20-24,4620,295,63.85281385281385
2004,Non-Hispanic White,28-31 weeks,25-29,5174,223,43.10011596443757
2004,Non-Hispanic White,28-31 weeks,30-34,5272,239,45.33383915022762
2004,Non-Hispanic White,28-31 weeks,35-39,3323,119,35.811014143845924
2004,Non-Hispanic White,28-31 weeks,40 and over,990,46,46.464646464646464
2004,Non-Hispanic White,32-33 weeks,Under 20,2741,55,20.06566946369938
2004,Non-Hispanic White,32-33 weeks,20-24,6704,131,19.540572792362767
2004,Non-Hispanic White,32-33 weeks,25-29,7643,114,14.915609054036372
2004,Non-Hispanic White,32-33 weeks,30-34,7962,106,13.313237879929666
2004,Non-Hispanic White,32-33 weeks,35-39,4518,65,14.38689685701638
2004,Non-Hispanic White,32-33 weeks,40 and over,1355,24,17.712177121771216
2004,Non-Hispanic White,34-36 weeks,Under 20,14936,160,10.712372790573111
2004,Non-Hispanic White,34-36 weeks,20-24,41766,359,8.595508308193267
2004,Non-Hispanic White,34-36 weeks,25-29,49939,336,6.728208414265404
2004,Non-Hispanic White,34-36 weeks,30-34,50184,262,5.2207875019926675
2004,Non-Hispanic White,34-36 weeks,35-39,28061,163,5.808773742917216
2004,Non-Hispanic White,34-36 weeks,40 and over,7510,61,8.122503328894807
2004,Non-Hispanic White,37-38 weeks,Under 20,40036,220,5.495054450994105
2004,Non-Hispanic White,37-38 weeks,20-24,132562,583,4.397942095019689
2004,Non-Hispanic White,37-38 weeks,25-29,169928,429,2.5245986535473848
2004,Non-Hispanic White,37-38 weeks,30-34,170592,336,1.9696117051209903
2004,Non-Hispanic White,37-38 weeks,35-39,90546,215,2.3744836878492697
2004,Non-Hispanic White,37-38 weeks,40 and over,21021,60,2.8542885685742827
2004,Non-Hispanic White,39-41 weeks,Under 20,92170,330,3.5803406748399693
2004,Non-Hispanic White,39-41 weeks,20-24,284727,811,2.8483424473267376
2004,Non-Hispanic White,39-41 weeks,25-29,353393,579,1.6384025716412038
2004,Non-Hispanic White,39-41 weeks,30-34,333809,397,1.1893028648119135
2004,Non-Hispanic White,39-41 weeks,35-39,160799,204,1.2686646061231723
2004,Non-Hispanic White,39-41 weeks,40 and over,34384,69,2.0067473243369007
2004,Non-Hispanic White,42+ weeks,Under 20,15236,63,4.1349435547387765
2004,Non-Hispanic White,42+ weeks,20-24,39655,153,3.8582776446854115
2004,Non-Hispanic White,42+ weeks,25-29,38270,69,1.8029788345962894
2004,Non-Hispanic White,42+ weeks,30-34,29506,55,1.8640276553921238
2004,Non-Hispanic White,42+ weeks,35-39,12879,26,2.01879027874835
2004,Non-Hispanic White,42+ weeks,40 and over,2910,12,4.123711340206186
2005,Non-Hispanic Black,<28 weeks,Under 20,1763,780,442.4276800907544
2005,Non-Hispanic Black,<28 weeks,20-24,3021,1331,440.5825885468388
2005,Non-Hispanic Black,<28 weeks,25-29,2394,1046,436.92564745196324
2005,Non-Hispanic Black,<28 weeks,30-34,1843,745,404.23223005968526
2005,Non-Hispanic Black,<28 weeks,35-39,1109,417,376.01442741208297
2005,Non-Hispanic Black,<28 weeks,40 and over,272,99,363.9705882352941
2005,Non-Hispanic Black,28-31 weeks,Under 20,2070,127,61.35265700483092
2005,Non-Hispanic Black,28-31 weeks,20-24,3425,190,55.47445255474453
2005,Non-Hispanic Black,28-31 weeks,25-29,2622,153,58.35240274599542
2005,Non-Hispanic Black,28-31 weeks,30-34,1928,79,40.975103734439834
2005,Non-Hispanic Black,28-31 weeks,35-39,1190,56,47.05882352941176
2005,Non-Hispanic Black,28-31 weeks,40 and over,436,24,55.04587155963303
2005,Non-Hispanic Black,32-33 weeks,Under 20,2537,42,16.554986204178164
2005,Non-Hispanic Black,32-33 weeks,20-24,4201,74,17.614853606284218
2005,Non-Hispanic Black,32-33 weeks,25-29,3119,58,18.595703751202308
2005,Non-Hispanic Black,32-33 weeks,30-34,2202,37,16.802906448683014
2005,Non-Hispanic Black,32-33 weeks,35-39,1354,24,17.725258493353028
2005,Non-Hispanic Black,32-33 weeks,40 and over,413,9,21.791767554479417
2005,Non-Hispanic Black,34-36 weeks,Under 20,11756,127,10.802994215719632
2005,Non-Hispanic Black,34-36 weeks,20-24,21590,206,9.541454377026401
2005,Non-Hispanic Black,34-36 weeks,25-29,16115,109,6.763884579584238
2005,Non-Hispanic Black,34-36 weeks,30-34,10806,79,7.310753285211919
2005,Non-Hispanic Black,34-36 weeks,35-39,6284,44,7.001909611712286
2005,Non-Hispanic Black,34-36 weeks,40 and over,1850,24,12.972972972972972
2005,Non-Hispanic Black,37-38 weeks,Under 20,26103,121,4.635482511588706
2005,Non-Hispanic Black,37-38 weeks,20-24,53498,273,5.102994504467457
2005,Non-Hispanic Black,37-38 weeks,25-29,42211,178,4.216910284049182
2005,Non-Hispanic Black,37-38 weeks,30-34,27945,86,3.077473608874575
2005,Non-Hispanic Black,37-38 weeks,35-39,14446,45,3.115049148553233
2005,Non-Hispanic Black,37-38 weeks,40 and over,4057,23,5.669213704707912
2005,Non-Hispanic Black,39-41 weeks,Under 20,48171,191,3.9650412073654278
2005,Non-Hispanic Black,39-41 weeks,20-24,90652,360,3.9712306402506288
2005,Non-Hispanic Black,39-41 weeks,25-29,67666,207,3.059143439836846
2005,Non-Hispanic Black,39-41 weeks,30-34,42438,90,2.1207408454686836
2005,Non-Hispanic Black,39-41 weeks,35-39,20462,51,2.4924249828951224
2005,Non-Hispanic Black,39-41 weeks,40 and over,5202,13,2.499038831218762
2005,Non-Hispanic Black,42+ weeks,Under 20,5885,31,5.267629566694987
2005,Non-Hispanic Black,42+ weeks,20-24,10659,46,4.315601838821653
2005,Non-Hispanic Black,42+ weeks,25-29,7514,28,3.7263774287995743
2005,Non-Hispanic Black,42+ weeks,30-34,4363,18,4.12560165024066
2005,Non-Hispanic Black,42+ weeks,35-39,2055,9,4.37956204379562
2005,Non-Hispanic Black,42+ weeks,40 and over,552,1,1.8115942028985508
2005,Non-Hispanic White,<28 weeks,Under 20,1361,625,459.2211609110948
2005,Non-Hispanic White,<28 weeks,20-24,2708,1233,455.3175775480059
2005,Non-Hispanic White,<28 weeks,25-29,3023,1297,429.04399603043333
2005,Non-Hispanic White,<28 weeks,30-34,2789,1129,404.8045894585873
2005,Non-Hispanic White,<28 weeks,35-39,1550,668,430.9677419354839
2005,Non-Hispanic White,<28 weeks,40 and over,479,184,384.13361169102296
2005,Non-Hispanic White,28-31 weeks,Under 20,1970,119,60.40609137055838
2005,Non-Hispanic White,28-31 weeks,20-24,4580,279,60.91703056768559
2005,Non-Hispanic White,28-31 weeks,25-29,5194,271,52.175587216018485
2005,Non-Hispanic White,28-31 weeks,30-34,5230,221,42.25621414913957
2005,Non-Hispanic White,28-31 weeks,35-39,3280,145,44.20731707317073
2005,Non-Hispanic White,28-31 weeks,40 and over,916,45,49.12663755458515
2005,Non-Hispanic White,32-33 weeks,Under 20,2633,66,25.066464109380934
2005,Non-Hispanic White,32-33 weeks,20-24,6787,122,17.975541476351847
2005,Non-Hispanic White,32-33 weeks,25-29,7894,130,16.46820369901191
2005,Non-Hispanic White,32-33 weeks,30-34,7718,118,15.28893495724281
2005,Non-Hispanic White,32-33 weeks,35-39,4624,85,18.38235294117647
2005,Non-Hispanic White,32-33 weeks,40 and over,1323,21,15.873015873015872
2005,Non-Hispanic White,34-36 weeks,Under 20,15045,167,11.100033233632438
2005,Non-Hispanic White,34-36 weeks,20-24,43135,373,8.6472701982149065
2005,Non-Hispanic White,34-36 weeks,25-29,51972,336,6.4650196259524355
2005,Non-Hispanic White,34-36 weeks,30-34,48876,249,5.094524920206236
2005,Non-Hispanic White,34-36 weeks,35-39,28535,169,5.92255125284738
2005,Non-Hispanic White,34-36 weeks,40 and over,7681,62,8.071865642494467
2005,Non-Hispanic White,37-38 weeks,Under 20,40567,230,5.669632952892745
2005,Non-Hispanic White,37-38 weeks,20-24,137300,625,4.552075746540423
2005,Non-Hispanic White,37-38 weeks,25-29,179932,442,2.4564835604561726
2005,Non-Hispanic White,37-38 weeks,30-34,172070,336,1.9526936711803338
2005,Non-Hispanic White,37-38 weeks,35-39,94609,196,2.0716845120443086
2005,Non-Hispanic White,37-38 weeks,40 and over,21857,55,2.5163563160543534
2005,Non-Hispanic White,39-41 weeks,Under 20,89201,351,3.9349334648714702
2005,Non-Hispanic White,39-41 weeks,20-24,279497,780,2.7907276285613083
2005,Non-Hispanic White,39-41 weeks,25-29,353981,585,1.652631073419195
2005,Non-Hispanic White,39-41 weeks,30-34,315272,401,1.2719175822781597
2005,Non-Hispanic White,39-41 weeks,35-39,158275,206,1.3015321434212606
2005,Non-Hispanic White,39-41 weeks,40 and over,32962,62,1.8809538256173775
2005,Non-Hispanic White,42+ weeks,Under 20,14121,57,4.036541321436159
2005,Non-Hispanic White,42+ weeks,20-24,37640,136,3.6131774707757702
2005,Non-Hispanic White,42+ weeks,25-29,36877,72,1.952436478021531
2005,Non-Hispanic White,42+ weeks,30-34,26718,36,1.347406242982259
2005,Non-Hispanic White,42+ weeks,35-39,12405,21,1.6928657799274485
2005,Non-Hispanic White,42+ weeks,40 and over,2728,8,2.932551319648094
2006,Non-Hispanic Black,<28 weeks,Under 20,1735,788,454.17867435158496
2006,Non-Hispanic Black,<28 weeks,20-24,2975,1345,452.10084033613447
2006,Non-Hispanic Black,<28 weeks,25-29,2523,1089,431.62901307966706
2006,Non-Hispanic Black,<28 weeks,30-34,1868,791,423.4475374732334
2006,Non-Hispanic Black,<28 weeks,35-39,1080,429,397.2222222222222
2006,Non-Hispanic Black,<28 weeks,40 and over,265,86,324.52830188679246
2006,Non-Hispanic Black,28-31 weeks,Under 20,2175,129,59.310344827586206
2006,Non-Hispanic Black,28-31 weeks,20-24,3509,184,52.4365916215446
2006,Non-Hispanic Black,28-31 weeks,25-29,2926,114,38.96103896103896
2006,Non-Hispanic Black,28-31 weeks,30-34,2023,118,58.3292140385566
2006,Non-Hispanic Black,28-31 weeks,35-39,1281,61,47.61904761904761
2006,Non-Hispanic Black,28-31 weeks,40 and over,369,19,51.490514905149055
2006,Non-Hispanic Black,32-33 weeks,Under 20,2765,53,19.168173598553345
2006,Non-Hispanic Black,32-33 weeks,20-24,4600,86,18.695652173913043
2006,Non-Hispanic Black,32-33 weeks,25-29,3356,56,16.6865315852205
2006,Non-Hispanic Black,32-33 weeks,30-34,2351,25,10.633772862611655
2006,Non-Hispanic Black,32-33 weeks,35-39,1323,24,18.140589569160998
2006,Non-Hispanic Black,32-33 weeks,40 and over,417,9,21.58273381294964
2006,Non-Hispanic Black,34-36 weeks,Under 20,12722,107,8.410627259864802
2006,Non-Hispanic Black,34-36 weeks,20-24,22892,236,10.309278350515465
2006,Non-Hispanic Black,34-36 weeks,25-29,17567,150,8.538737405362326
2006,Non-Hispanic Black,34-36 weeks,30-34,11385,85,7.465963987703118
2006,Non-Hispanic Black,34-36 weeks,35-39,6509,61,9.37163926870487
2006,Non-Hispanic Black,34-36 weeks,40 and over,1870,23,12.29946524064171
2006,Non-Hispanic Black,37-38 weeks,Under 20,28490,167,5.861705861705862
2006,Non-Hispanic Black,37-38 weeks,20-24,57697,294,5.095585559041197
2006,Non-Hispanic Black,37-38 weeks,25-29,46540,182,3.910614525139665
2006,Non-Hispanic Black,37-38 weeks,30-34,29551,116,3.9254170755642783
2006,Non-Hispanic Black,37-38 weeks,35-39,15933,50,3.1381409652921612
2006,Non-Hispanic Black,37-38 weeks,40 and over,4211,34,8.074091664687721
2006,Non-Hispanic Black,39-41 weeks,Under 20,50909,197,3.869649767231727
2006,Non-Hispanic Black,39-41 weeks,20-24,94461,350,3.7052328474185114
2006,Non-Hispanic Black,39-41 weeks,25-29,71623,196,2.7365511078843388
2006,Non-Hispanic Black,39-41 weeks,30-34,43390,101,2.327725282323116
2006,Non-Hispanic Black,39-41 weeks,35-39,21281,54,2.5374747427282554
2006,Non-Hispanic Black,39-41 weeks,40 and over,5212,21,4.029163468917882
2006,Non-Hispanic Black,42+ weeks,Under 20,6187,32,5.172135122030062
2006,Non-Hispanic Black,42+ weeks,20-24,10931,41,3.7508004757112796
2006,Non-Hispanic Black,42+ weeks,25-29,7874,32,4.064008128016256
2006,Non-Hispanic Black,42+ weeks,30-34,4436,6,1.352569882777277
2006,Non-Hispanic Black,42+ weeks,35-39,2065,10,4.8426150121065374
2006,Non-Hispanic Black,42+ weeks,40 and over,491,4,8.146639511201629
2006,Non-Hispanic White,<28 weeks,Under 20,1364,593,434.7507331378299
2006,Non-Hispanic White,<28 weeks,20-24,2715,1178,433.8858195211787
2006,Non-Hispanic White,<28 weeks,25-29,3046,1340,439.92120814182533
2006,Non-Hispanic White,<28 weeks,30-34,2669,1081,405.0206069689022
2006,Non-Hispanic White,<28 weeks,35-39,1692,665,393.02600472813236
2006,Non-Hispanic White,<28 weeks,40 and over,441,162,367.34693877551024
2006,Non-Hispanic White,28-31 weeks,Under 20,2064,124,60.077519379844965
2006,Non-Hispanic White,28-31 weeks,20-24,4869,257,52.78291230232081
2006,Non-Hispanic White,28-31 weeks,25-29,5667,272,47.99717663666843
2006,Non-Hispanic White,28-31 weeks,30-34,5014,205,40.88552054248105
2006,Non-Hispanic White,28-31 weeks,35-39,3157,136,43.07887234716503
2006,Non-Hispanic White,28-31 weeks,40 and over,1006,44,43.7375745526839
2006,Non-Hispanic White,32-33 weeks,Under 20,2740,55,20.072992700729927
2006,Non-Hispanic White,32-33 weeks,20-24,6723,135,20.080321285140563
2006,Non-Hispanic White,32-33 weeks,25-29,7988,125,15.648472709063595
2006,Non-Hispanic White,32-33 weeks,30-34,7550,114,15.099337748344372
2006,Non-Hispanic White,32-33 weeks,35-39,4742,62,13.074652045550401
2006,Non-Hispanic White,32-33 weeks,40 and over,1367,24,17.55669348939283
2006,Non-Hispanic White,34-36 weeks,Under 20,15456,161,10.416666666666666
2006,Non-Hispanic White,34-36 weeks,20-24,44267,368,8.313190412722795
2006,Non-Hispanic White,34-36 weeks,25-29,53525,371,6.93134049509575
2006,Non-Hispanic White,34-36 weeks,30-34,47817,226,4.726352552439509
2006,Non-Hispanic White,34-36 weeks,35-39,29189,131,4.487992051800336
2006,Non-Hispanic White,34-36 weeks,40 and over,7653,52,6.794721024434862
2006,Non-Hispanic White,37-38 weeks,Under 20,42385,227,5.355668278872242
2006,Non-Hispanic White,37-38 weeks,20-24,142859,571,3.9969480396754844
2006,Non-Hispanic White,37-38 weeks,25-29,189526,463,2.4429365891751
2006,Non-Hispanic White,37-38 weeks,30-34,169836,304,1.7899620810664407
2006,Non-Hispanic White,37-38 weeks,35-39,98719,203,2.0563417376594173
2006,Non-Hispanic White,37-38 weeks,40 and over,22274,71,3.1875729550148155
2006,Non-Hispanic White,39-41 weeks,Under 20,91385,346,3.786179351097007
2006,Non-Hispanic White,39-41 weeks,20-24,285346,808,2.8316499968459343
2006,Non-Hispanic White,39-41 weeks,25-29,364776,595,1.6311380134657982
2006,Non-Hispanic White,39-41 weeks,30-34,305578,375,1.2271825851337466
2006,Non-Hispanic White,39-41 weeks,35-39,157636,222,1.408307746961354
2006,Non-Hispanic White,39-41 weeks,40 and over,32132,55,1.711689281712934
2006,Non-Hispanic White,42+ weeks,Under 20,14173,63,4.445071615042687
2006,Non-Hispanic White,42+ weeks,20-24,37977,155,4.081417700186956
2006,Non-Hispanic White,42+ weeks,25-29,37312,71,1.9028730703259005
2006,Non-Hispanic White,42+ weeks,30-34,25425,42,1.6519174041297935
2006,Non-Hispanic White,42+ weeks,35-39,12157,24,1.974171259356749
2006,Non-Hispanic White,42+ weeks,40 and over,2641,4,1.5145778114350623
2007,Non-Hispanic Black,<28 weeks,Under 20,1766,737,417.32729331823333
2007,Non-Hispanic Black,<28 weeks,20-24,3082,1317,427.31992212848803
2007,Non-Hispanic Black,<28 weeks,25-29,2585,1081,418.18181818181813
2007,Non-Hispanic Black,<28 weeks,30-34,1925,837,434.8051948051948
2007,Non-Hispanic Black,<28 weeks,35-39,1170,471,402.5641025641026
2007,Non-Hispanic Black,<28 weeks,40 and over,293,109,372.0136518771331
2007,Non-Hispanic Black,28-31 weeks,Under 20,2195,136,61.95899772209567
2007,Non-Hispanic Black,28-31 weeks,20-24,3603,209,58.007216208714965
2007,Non-Hispanic Black,28-31 weeks,25-29,2810,162,57.65124555160142
2007,Non-Hispanic Black,28-31 weeks,30-34,2024,82,40.51383399209487
2007,Non-Hispanic Black,28-31 weeks,35-39,1242,56,45.088566827697264
2007,Non-Hispanic Black,28-31 weeks,40 and over,375,26,69.33333333333333
2007,Non-Hispanic Black,32-33 weeks,Under 20,2679,44,16.424038820455394
2007,Non-Hispanic Black,32-33 weeks,20-24,4516,86,19.04340124003543
2007,Non-Hispanic Black,32-33 weeks,25-29,3565,59,16.549789621318375
2007,Non-Hispanic Black,32-33 weeks,30-34,2372,26,10.961214165261383
2007,Non-Hispanic Black,32-33 weeks,35-39,1324,22,16.61631419939577
2007,Non-Hispanic Black,32-33 weeks,40 and over,437,12,27.459954233409608
2007,Non-Hispanic Black,34-36 weeks,Under 20,12751,139,10.901105795623872
2007,Non-Hispanic Black,34-36 weeks,20-24,22822,237,10.384716501621243
2007,Non-Hispanic Black,34-36 weeks,25-29,17855,156,8.737048445813498
2007,Non-Hispanic Black,34-36 weeks,30-34,11352,79,6.9591261451726565
2007,Non-Hispanic Black,34-36 weeks,35-39,6581,47,7.14177176720863
2007,Non-Hispanic Black,34-36 weeks,40 and over,1983,20,10.085728693898133
2007,Non-Hispanic Black,37-38 weeks,Under 20,29076,143,4.918145549594167
2007,Non-Hispanic Black,37-38 weeks,20-24,57738,308,5.3344417887699604
2007,Non-Hispanic Black,37-38 weeks,25-29,47600,179,3.7605042016806722
2007,Non-Hispanic Black,37-38 weeks,30-34,30093,97,3.2233409763067824
2007,Non-Hispanic Black,37-38 weeks,35-39,16038,54,3.3670033670033668
2007,Non-Hispanic Black,37-38 weeks,40 and over,4289,28,6.528328281650735
2007,Non-Hispanic Black,39-41 weeks,Under 20,52632,220,4.179966560267517
2007,Non-Hispanic Black,39-41 weeks,20-24,95999,383,3.989624891925957
2007,Non-Hispanic Black,39-41 weeks,25-29,74043,228,3.079291762894534
2007,Non-Hispanic Black,39-41 weeks,30-34,44487,84,1.8881920561062782
2007,Non-Hispanic Black,39-41 weeks,35-39,21882,56,2.5591810620601407
2007,Non-Hispanic Black,39-41 weeks,40 and over,5260,20,3.802281368821293
2007,Non-Hispanic Black,42+ weeks,Under 20,6319,26,4.114575090995411
2007,Non-Hispanic Black,42+ weeks,20-24,11095,59,5.317710680486706
2007,Non-Hispanic Black,42+ weeks,25-29,7950,31,3.89937106918239
2007,Non-Hispanic Black,42+ weeks,30-34,4476,16,3.5746201966041107
2007,Non-Hispanic Black,42+ weeks,35-39,2117,4,1.889466225791214
2007,Non-Hispanic Black,42+ weeks,40 and over,540,4,7.407407407407407
2007,Non-Hispanic White,<28 weeks,Under 20,1322,570,431.16490166414525
2007,Non-Hispanic White,<28 weeks,20-24,2681,1144,426.7064528161134
2007,Non-Hispanic White,<28 weeks,25-29,3218,1371,426.04101926662526
2007,Non-Hispanic White,<28 weeks,30-34,2727,1139,417.6751008434177
2007,Non-Hispanic White,<28 weeks,35-39,1700,694,408.2352941176471
2007,Non-Hispanic White,<28 weeks,40 and over,462,158,341.99134199134204
2007,Non-Hispanic White,28-31 weeks,Under 20,2004,141,70.35928143712574
2007,Non-Hispanic White,28-31 weeks,20-24,4641,278,59.900883430295195
2007,Non-Hispanic White,28-31 weeks,25-29,5438,264,48.547260022066936
2007,Non-Hispanic White,28-31 weeks,30-34,4855,196,40.37075180226571
2007,Non-Hispanic White,28-31 weeks,35-39,3080,123,39.935064935064936
2007,Non-Hispanic White,28-31 weeks,40 and over,973,43,44.19321685508736
2007,Non-Hispanic White,32-33 weeks,Under 20,2807,68,24.225151407196293
2007,Non-Hispanic White,32-33 weeks,20-24,6787,132,19.448946515397083
2007,Non-Hispanic White,32-33 weeks,25-29,8013,130,16.223636590540373
2007,Non-Hispanic White,32-33 weeks,30-34,7234,86,11.888305225324855
2007,Non-Hispanic White,32-33 weeks,35-39,4585,64,13.95856052344602
2007,Non-Hispanic White,32-33 weeks,40 and over,1385,18,12.99638989169675
2007,Non-Hispanic White,34-36 weeks,Under 20,15597,157,10.066038340706546
2007,Non-Hispanic White,34-36 weeks,20-24,43342,383,8.836694199621613
2007,Non-Hispanic White,34-36 weeks,25-29,53491,359,6.7114093959731544
2007,Non-Hispanic White,34-36 weeks,30-34,46310,247,5.33362124811056
2007,Non-Hispanic White,34-36 weeks,35-39,28280,151,5.33946251768034
2007,Non-Hispanic White,34-36 weeks,40 and over,7511,55,7.3225935294900815
2007,Non-Hispanic White,37-38 weeks,Under 20,42519,245,5.762129871351631
2007,Non-Hispanic White,37-38 weeks,20-24,140138,625,4.459889537455936
2007,Non-Hispanic White,37-38 weeks,25-29,189543,476,2.5113035036904554
2007,Non-Hispanic White,37-38 weeks,30-34,166624,322,1.932494718647974
2007,Non-Hispanic White,37-38 weeks,35-39,94778,171,1.8042161683091011
2007,Non-Hispanic White,37-38 weeks,40 and over,21668,68,3.1382684142514305
2007,Non-Hispanic White,39-41 weeks,Under 20,94335,367,3.890390629140828
2007,Non-Hispanic White,39-41 weeks,20-24,288186,804,2.789864878932356
2007,Non-Hispanic White,39-41 weeks,25-29,375911,612,1.6280449361684017
2007,Non-Hispanic White,39-41 weeks,30-34,310493,355,1.1433430061225214
2007,Non-Hispanic White,39-41 weeks,35-39,156695,208,1.327419509237691
2007,Non-Hispanic White,39-41 weeks,40 and over,32007,73,2.280751085700003
2007,Non-Hispanic White,42+ weeks,Under 20,14527,57,3.923728230192056
2007,Non-Hispanic White,42+ weeks,20-24,38137,123,3.2252143587592106
2007,Non-Hispanic White,42+ weeks,25-29,37884,84,2.2172949002217295
2007,Non-Hispanic White,42+ weeks,30-34,25376,33,1.3004413619167718
2007,Non-Hispanic White,42+ weeks,35-39,11234,19,1.6912942852056256
2007,Non-Hispanic White,42+ weeks,40 and over,2405,6,2.494802494802495
2008,Non-Hispanic Black,<28 weeks,Under 20,1716,768,447.5524475524476
2008,Non-Hispanic Black,<28 weeks,20-24,2879,1268,440.4307051059396
2008,Non-Hispanic Black,<28 weeks,25-29,2430,1037,426.7489711934156
2008,Non-Hispanic Black,<28 weeks,30-34,1715,691,402.91545189504376
2008,Non-Hispanic Black,<28 weeks,35-39,1023,435,425.21994134897363
2008,Non-Hispanic Black,<28 weeks,40 and over,287,93,324.0418118466899
2008,Non-Hispanic Black,28-31 weeks,Under 20,2041,104,50.955414012738856
2008,Non-Hispanic Black,28-31 weeks,20-24,3310,195,58.912386706948645
2008,Non-Hispanic Black,28-31 weeks,25-29,2714,134,49.37361827560796
2008,Non-Hispanic Black,28-31 weeks,30-34,1869,86,46.013911182450514
2008,Non-Hispanic Black,28-31 weeks,35-39,1210,53,43.80165289256199
2008,Non-Hispanic Black,28-31 weeks,40 and over,369,19,51.490514905149055
2008,Non-Hispanic Black,32-33 weeks,Under 20,2620,53,20.229007633587788
2008,Non-Hispanic Black,32-33 weeks,20-24,4392,81,18.442622950819672
2008,Non-Hispanic Black,32-33 weeks,25-29,3486,68,19.506597819850832
2008,Non-Hispanic Black,32-33 weeks,30-34,2287,30,13.117621337997376
2008,Non-Hispanic Black,32-33 weeks,35-39,1437,26,18.093249826026444
2008,Non-Hispanic Black,32-33 weeks,40 and over,407,15,36.85503685503686
2008,Non-Hispanic Black,34-36 weeks,Under 20,11946,102,8.538422903063788
2008,Non-Hispanic Black,34-36 weeks,20-24,21541,197,9.145350726521517
2008,Non-Hispanic Black,34-36 weeks,25-29,17111,131,7.65589386944071
2008,Non-Hispanic Black,34-36 weeks,30-34,11160,97,8.691756272401433
2008,Non-Hispanic Black,34-36 weeks,35-39,6314,51,8.077288565093443
2008,Non-Hispanic Black,34-36 weeks,40 and over,1823,23,12.616566099835437
2008,Non-Hispanic Black,37-38 weeks,Under 20,28345,148,5.221379431998589
2008,Non-Hispanic Black,37-38 weeks,20-24,56829,274,4.821481989829137
2008,Non-Hispanic Black,37-38 weeks,25-29,46658,185,3.9650220755283123
2008,Non-Hispanic Black,37-38 weeks,30-34,29705,87,2.9287998653425347
2008,Non-Hispanic Black,37-38 weeks,35-39,15697,58,3.694973561827101
2008,Non-Hispanic Black,37-38 weeks,40 and over,4112,16,3.8910505836575875
2008,Non-Hispanic Black,39-41 weeks,Under 20,52584,223,4.240833713677165
2008,Non-Hispanic Black,39-41 weeks,20-24,96913,366,3.7765831209435263
2008,Non-Hispanic Black,39-41 weeks,25-29,75093,220,2.929700504707496
2008,Non-Hispanic Black,39-41 weeks,30-34,46301,100,2.1597805662944647
2008,Non-Hispanic Black,39-41 weeks,35-39,22345,57,2.550906243007384
2008,Non-Hispanic Black,39-41 weeks,40 and over,5516,22,3.9883973894126177
2008,Non-Hispanic Black,42+ weeks,Under 20,6498,31,4.770698676515852
2008,Non-Hispanic Black,42+ weeks,20-24,11038,52,4.710998369269795
2008,Non-Hispanic Black,42+ weeks,25-29,8110,33,4.06905055487053
2008,Non-Hispanic Black,42+ weeks,30-34,4504,16,3.552397868561279
2008,Non-Hispanic Black,42+ weeks,35-39,2156,11,5.1020408163265305
2008,Non-Hispanic Black,42+ weeks,40 and over,549,4,7.285974499089253
2008,Non-Hispanic White,<28 weeks,Under 20,1253,563,449.3216280925778
2008,Non-Hispanic White,<28 weeks,20-24,2523,1039,411.8113357114546
2008,Non-Hispanic White,<28 weeks,25-29,2980,1237,415.1006711409396
2008,Non-Hispanic White,<28 weeks,30-34,2511,1049,417.7618478693748
2008,Non-Hispanic White,<28 weeks,35-39,1665,666,400
2008,Non-Hispanic White,<28 weeks,40 and over,468,185,395.29914529914527
2008,Non-Hispanic White,28-31 weeks,Under 20,1883,108,57.35528412108338
2008,Non-Hispanic White,28-31 weeks,20-24,4356,230,52.80073461891644
2008,Non-Hispanic White,28-31 weeks,25-29,5391,261,48.41402337228715
2008,Non-Hispanic White,28-31 weeks,30-34,4725,178,37.67195767195767
2008,Non-Hispanic White,28-31 weeks,35-39,2985,122,40.871021775544385
2008,Non-Hispanic White,28-31 weeks,40 and over,1031,38,36.85741998060136
2008,Non-Hispanic White,32-33 weeks,Under 20,2552,59,23.11912225705329
2008,Non-Hispanic White,32-33 weeks,20-24,6457,149,23.07573176397708
2008,Non-Hispanic White,32-33 weeks,25-29,7958,153,19.225936164865544
2008,Non-Hispanic White,32-33 weeks,30-34,7028,113,16.078542970973253
2008,Non-Hispanic White,32-33 weeks,35-39,4402,53,12.039981826442526
2008,Non-Hispanic White,32-33 weeks,40 and over,1436,28,19.498607242339833
2008,Non-Hispanic White,34-36 weeks,Under 20,14436,156,10.80631753948462
2008,Non-Hispanic White,34-36 weeks,20-24,39871,402,10.082516114469163
2008,Non-Hispanic White,34-36 weeks,25-29,50938,354,6.949625034355491
2008,Non-Hispanic White,34-36 weeks,30-34,45045,243,5.394605394605395
2008,Non-Hispanic White,34-36 weeks,35-39,26486,155,5.852148304764782
2008,Non-Hispanic White,34-36 weeks,40 and over,7348,49,6.668481219379423
2008,Non-Hispanic White,37-38 weeks,Under 20,40526,229,5.650693382026353
2008,Non-Hispanic White,37-38 weeks,20-24,132521,581,4.3842108043253525
2008,Non-Hispanic White,37-38 weeks,25-29,180003,465,2.5832902784953586
2008,Non-Hispanic White,37-38 weeks,30-34,158048,313,1.9804110143753795
2008,Non-Hispanic White,37-38 weeks,35-39,86650,200,2.308136180034622
2008,Non-Hispanic White,37-38 weeks,40 and over,20608,60,2.9114906832298133
2008,Non-Hispanic White,39-41 weeks,Under 20,93747,337,3.5947816996810564
2008,Non-Hispanic White,39-41 weeks,20-24,286070,805,2.81399657426504
2008,Non-Hispanic White,39-41 weeks,25-29,382999,621,1.6214141551283423
2008,Non-Hispanic White,39-41 weeks,30-34,317254,389,1.226146872852667
2008,Non-Hispanic White,39-41 weeks,35-39,152971,182,1.1897679952409281
2008,Non-Hispanic White,39-41 weeks,40 and over,32403,62,1.9134030799617319
2008,Non-Hispanic White,42+ weeks,Under 20,14367,42,2.9233660471914806
2008,Non-Hispanic White,42+ weeks,20-24,37613,124,3.296732512695079
2008,Non-Hispanic White,42+ weeks,25-29,38122,77,2.0198310686742564
2008,Non-Hispanic White,42+ weeks,30-34,25705,44,1.7117292355572846
2008,Non-Hispanic White,42+ weeks,35-39,11220,28,2.4955436720142603
2008,Non-Hispanic White,42+ weeks,40 and over,2395,7,2.922755741127349
2009,Non-Hispanic Black,<28 weeks,Under 20,1499,635,423.61574382921947
2009,Non-Hispanic Black,<28 weeks,20-24,2838,1187,418.25229034531355
2009,Non-Hispanic Black,<28 weeks,25-29,2557,1021,399.2960500586625
2009,Non-Hispanic Black,<28 weeks,30-34,1753,712,406.16086708499716
2009,Non-Hispanic Black,<28 weeks,35-39,1042,414,397.3128598848368
2009,Non-Hispanic Black,<28 weeks,40 and over,271,91,335.79335793357933
2009,Non-Hispanic Black,28-31 weeks,Under 20,1849,108,58.409951325040566
2009,Non-Hispanic Black,28-31 weeks,20-24,3367,175,51.975051975051976
2009,Non-Hispanic Black,28-31 weeks,25-29,2691,154,57.227796358231146
2009,Non-Hispanic Black,28-31 weeks,30-34,1944,77,39.609053497942384
2009,Non-Hispanic Black,28-31 weeks,35-39,1203,57,47.38154613466334
2009,Non-Hispanic Black,28-31 weeks,40 and over,302,23,76.15894039735099
2009,Non-Hispanic Black,32-33 weeks,Under 20,2422,32,13.212221304706853
2009,Non-Hispanic Black,32-33 weeks,20-24,4195,80,19.07032181168057
2009,Non-Hispanic Black,32-33 weeks,25-29,3305,67,20.27231467473525
2009,Non-Hispanic Black,32-33 weeks,30-34,2283,32,14.01664476565922
2009,Non-Hispanic Black,32-33 weeks,35-39,1296,16,12.345679012345679
2009,Non-Hispanic Black,32-33 weeks,40 and over,391,10,25.57544757033248
2009,Non-Hispanic Black,34-36 weeks,Under 20,11177,91,8.141719602755659
2009,Non-Hispanic Black,34-36 weeks,20-24,21088,214,10.147951441578147
2009,Non-Hispanic Black,34-36 weeks,25-29,16515,127,7.689978807145019
2009,Non-Hispanic Black,34-36 weeks,30-34,11205,85,7.585899152164213
2009,Non-Hispanic Black,34-36 weeks,35-39,6365,59,9.26944226237235
2009,Non-Hispanic Black,34-36 weeks,40 and over,1916,21,10.960334029227559
2009,Non-Hispanic Black,37-38 weeks,Under 20,26972,135,5.005190567996441
2009,Non-Hispanic Black,37-38 weeks,20-24,55612,297,5.340573976839531
2009,Non-Hispanic Black,37-38 weeks,25-29,45396,167,3.678738214820689
2009,Non-Hispanic Black,37-38 weeks,30-34,30019,98,3.264599087244745
2009,Non-Hispanic Black,37-38 weeks,35-39,15562,49,3.148695540418969
2009,Non-Hispanic Black,37-38 weeks,40 and over,4191,17,4.056311142925317
2009,Non-Hispanic Black,39-41 weeks,Under 20,49593,187,3.770693444639364
2009,Non-Hispanic Black,39-41 weeks,20-24,95491,362,3.790933176948613
2009,Non-Hispanic Black,39-41 weeks,25-29,74453,205,2.7534149060481106
2009,Non-Hispanic Black,39-41 weeks,30-34,46876,119,2.538612509599795
2009,Non-Hispanic Black,39-41 weeks,35-39,22306,42,1.882901461490182
2009,Non-Hispanic Black,39-41 weeks,40 and over,5500,16,2.9090909090909087
2009,Non-Hispanic Black,42+ weeks,Under 20,5767,38,6.589214496271892
2009,Non-Hispanic Black,42+ weeks,20-24,10405,47,4.517059106198944
2009,Non-Hispanic Black,42+ weeks,25-29,7488,33,4.407051282051282
2009,Non-Hispanic Black,42+ weeks,30-34,4319,14,3.2414910858995136
2009,Non-Hispanic Black,42+ weeks,35-39,1994,7,3.510531594784353
2009,Non-Hispanic Black,42+ weeks,40 and over,542,1,1.8450184501845017
2009,Non-Hispanic White,<28 weeks,Under 20,1191,521,437.4475230898405
2009,Non-Hispanic White,<28 weeks,20-24,2475,1002,404.8484848484849
2009,Non-Hispanic White,<28 weeks,25-29,2957,1161,392.6276631721339
2009,Non-Hispanic White,<28 weeks,30-34,2491,1010,405.45965475712563
2009,Non-Hispanic White,<28 weeks,35-39,1484,566,381.40161725067384
2009,Non-Hispanic White,<28 weeks,40 and over,467,177,379.01498929336185
2009,Non-Hispanic White,28-31 weeks,Under 20,1712,103,60.16355140186916
2009,Non-Hispanic White,28-31 weeks,20-24,4282,255,59.55161139654367
2009,Non-Hispanic White,28-31 weeks,25-29,5167,230,44.513257209212306
2009,Non-Hispanic White,28-31 weeks,30-34,4699,189,40.22132368589062
2009,Non-Hispanic White,28-31 weeks,35-39,2847,113,39.690902704601335
2009,Non-Hispanic White,28-31 weeks,40 and over,885,47,53.10734463276836
2009,Non-Hispanic White,32-33 weeks,Under 20,2351,47,19.99149298170991
2009,Non-Hispanic White,32-33 weeks,20-24,6090,130,21.346469622331693
2009,Non-Hispanic White,32-33 weeks,25-29,7424,124,16.70258620689655
2009,Non-Hispanic White,32-33 weeks,30-34,6877,93,13.523338665115602
2009,Non-Hispanic White,32-33 weeks,35-39,4115,42,10.206561360874849
2009,Non-Hispanic White,32-33 weeks,40 and over,1454,16,11.004126547455297
2009,Non-Hispanic White,34-36 weeks,Under 20,13115,138,10.522302706824247
2009,Non-Hispanic White,34-36 weeks,20-24,37805,342,9.046422430895383
2009,Non-Hispanic White,34-36 weeks,25-29,48901,316,6.462035541195477
2009,Non-Hispanic White,34-36 weeks,30-34,44030,229,5.200999318646377
2009,Non-Hispanic White,34-36 weeks,35-39,24888,137,5.504660880745741
2009,Non-Hispanic White,34-36 weeks,40 and over,7498,47,6.268338223526274
2009,Non-Hispanic White,37-38 weeks,Under 20,38569,198,5.133656563561409
2009,Non-Hispanic White,37-38 weeks,20-24,125298,572,4.565116761640249
2009,Non-Hispanic White,37-38 weeks,25-29,173211,516,2.9790255815161855
2009,Non-Hispanic White,37-38 weeks,30-34,153880,307,1.9950610865609566
2009,Non-Hispanic White,37-38 weeks,35-39,80122,171,2.13424527595417
2009,Non-Hispanic White,37-38 weeks,40 and over,19798,51,2.5760177795736943
2009,Non-Hispanic White,39-41 weeks,Under 20,89336,336,3.76108175875347
2009,Non-Hispanic White,39-41 weeks,20-24,276817,765,2.7635585964734823
2009,Non-Hispanic White,39-41 weeks,25-29,380513,571,1.5006057611697892
2009,Non-Hispanic White,39-41 weeks,30-34,325224,383,1.177649865938553
2009,Non-Hispanic White,39-41 weeks,35-39,148373,185,1.2468575819050636
2009,Non-Hispanic White,39-41 weeks,40 and over,32517,53,1.6299166589783805
2009,Non-Hispanic White,42+ weeks,Under 20,13473,55,4.0822385511764265
2009,Non-Hispanic White,42+ weeks,20-24,35786,113,3.1576594198848715
2009,Non-Hispanic White,42+ weeks,25-29,37325,76,2.0361687876758205
2009,Non-Hispanic White,42+ weeks,30-34,26081,44,1.687051876845213
2009,Non-Hispanic White,42+ weeks,35-39,10386,16,1.5405353360292702
2009,Non-Hispanic White,42+ weeks,40 and over,2377,7,2.944888514934792
2010,Non-Hispanic Black,<28 weeks,Under 20,1318,553,419.5751138088012
2010,Non-Hispanic Black,<28 weeks,20-24,2740,1052,383.94160583941607
2010,Non-Hispanic Black,<28 weeks,25-29,2200,880,400
2010,Non-Hispanic Black,<28 weeks,30-34,1808,679,375.55309734513276
2010,Non-Hispanic Black,<28 weeks,35-39,943,360,381.7603393425238
2010,Non-Hispanic Black,<28 weeks,40 and over,291,92,316.1512027491409
2010,Non-Hispanic Black,28-31 weeks,Under 20,1655,95,57.40181268882176
2010,Non-Hispanic Black,28-31 weeks,20-24,3145,156,49.60254372019078
2010,Non-Hispanic Black,28-31 weeks,25-29,2647,127,47.97884397431054
2010,Non-Hispanic Black,28-31 weeks,30-34,1898,89,46.89146469968388
2010,Non-Hispanic Black,28-31 weeks,35-39,1148,48,41.811846689895475
2010,Non-Hispanic Black,28-31 weeks,40 and over,361,17,47.091412742382275
2010,Non-Hispanic Black,32-33 weeks,Under 20,2187,42,19.204389574759947
2010,Non-Hispanic Black,32-33 weeks,20-24,3972,69,17.371601208459214
2010,Non-Hispanic Black,32-33 weeks,25-29,3181,42,13.203395158755107
2010,Non-Hispanic Black,32-33 weeks,30-34,2239,23,10.27244305493524
2010,Non-Hispanic Black,32-33 weeks,35-39,1357,15,11.05379513633014
2010,Non-Hispanic Black,32-33 weeks,40 and over,405,8,19.753086419753085
2010,Non-Hispanic Black,34-36 weeks,Under 20,9744,92,9.441707717569788
2010,Non-Hispanic Black,34-36 weeks,20-24,19881,183,9.204768371812282
2010,Non-Hispanic Black,34-36 weeks,25-29,15709,129,8.21185307785346
2010,Non-Hispanic Black,34-36 weeks,30-34,11260,79,7.015985790408526
2010,Non-Hispanic Black,34-36 weeks,35-39,6082,42,6.905623150279514
2010,Non-Hispanic Black,34-36 weeks,40 and over,1894,20,10.559662090813093
2010,Non-Hispanic Black,37-38 weeks,Under 20,24045,129,5.364940736119776
2010,Non-Hispanic Black,37-38 weeks,20-24,53134,252,4.742725938194001
2010,Non-Hispanic Black,37-38 weeks,25-29,43193,162,3.7506077373648505
2010,Non-Hispanic Black,37-38 weeks,30-34,29686,87,2.9306743919692786
2010,Non-Hispanic Black,37-38 weeks,35-39,15315,44,2.87300032647731
2010,Non-Hispanic Black,37-38 weeks,40 and over,4407,20,4.538234626730202
2010,Non-Hispanic Black,39-41 weeks,Under 20,45056,176,3.90625
2010,Non-Hispanic Black,39-41 weeks,20-24,93952,327,3.48050068119891
2010,Non-Hispanic Black,39-41 weeks,25-29,72849,220,3.0199453664429163
2010,Non-Hispanic Black,39-41 weeks,30-34,49041,83,1.6924614098407456
2010,Non-Hispanic Black,39-41 weeks,35-39,22643,47,2.0756966833016826
2010,Non-Hispanic Black,39-41 weeks,40 and over,5783,22,3.804253847484005
2010,Non-Hispanic Black,42+ weeks,Under 20,5080,29,5.708661417322834
2010,Non-Hispanic Black,42+ weeks,20-24,9974,34,3.408863043914177
2010,Non-Hispanic Black,42+ weeks,25-29,7199,24,3.3337963606056396
2010,Non-Hispanic Black,42+ weeks,30-34,4349,12,2.7592550011496897
2010,Non-Hispanic Black,42+ weeks,35-39,1981,6,3.0287733467945483
2010,Non-Hispanic Black,42+ weeks,40 and over,510,4,7.8431372549019605
2010,Non-Hispanic White,<28 weeks,Under 20,1062,434,408.66290018832393
2010,Non-Hispanic White,<28 weeks,20-24,2423,1002,413.53693768056127
2010,Non-Hispanic White,<28 weeks,25-29,2944,1130,383.83152173913044
2010,Non-Hispanic White,<28 weeks,30-34,2639,1017,385.37324744221297
2010,Non-Hispanic White,<28 weeks,35-39,1455,563,386.94158075601376
2010,Non-Hispanic White,<28 weeks,40 and over,439,171,389.5216400911162
2010,Non-Hispanic White,28-31 weeks,Under 20,1624,91,56.03448275862069
2010,Non-Hispanic White,28-31 weeks,20-24,4012,173,43.12063808574277
2010,Non-Hispanic White,28-31 weeks,25-29,5033,214,42.51937214385058
2010,Non-Hispanic White,28-31 weeks,30-34,4817,204,42.350010379904504
2010,Non-Hispanic White,28-31 weeks,35-39,2628,97,36.91019786910198
2010,Non-Hispanic White,28-31 weeks,40 and over,908,40,44.05286343612335
2010,Non-Hispanic White,32-33 weeks,Under 20,2156,53,24.582560296846008
2010,Non-Hispanic White,32-33 weeks,20-24,5887,120,20.38389672158994
2010,Non-Hispanic White,32-33 weeks,25-29,7572,128,16.904384574749077
2010,Non-Hispanic White,32-33 weeks,30-34,6963,117,16.80310211115898
2010,Non-Hispanic White,32-33 weeks,35-39,3966,48,12.102874432677762
2010,Non-Hispanic White,32-33 weeks,40 and over,1321,21,15.897047691143074
2010,Non-Hispanic White,34-36 weeks,Under 20,11988,130,10.844177510844178
2010,Non-Hispanic White,34-36 weeks,20-24,35269,331,9.385012333777539
2010,Non-Hispanic White,34-36 weeks,25-29,47231,321,6.7963837310241155
2010,Non-Hispanic White,34-36 weeks,30-34,43554,219,5.0282408045185285
2010,Non-Hispanic White,34-36 weeks,35-39,23566,113,4.79504370703556
2010,Non-Hispanic White,34-36 weeks,40 and over,7241,45,6.214611241541224
2010,Non-Hispanic White,37-38 weeks,Under 20,33955,181,5.3305845972610815
2010,Non-Hispanic White,37-38 weeks,20-24,114588,480,4.188920305791182
2010,Non-Hispanic White,37-38 weeks,25-29,163794,478,2.9182998156220616
2010,Non-Hispanic White,37-38 weeks,30-34,150357,318,2.114966380015563
2010,Non-Hispanic White,37-38 weeks,35-39,74858,135,1.8034144647198698
2010,Non-Hispanic White,37-38 weeks,40 and over,19377,55,2.8384166795685606
2010,Non-Hispanic White,39-41 weeks,Under 20,81502,259,3.177836126720817
2010,Non-Hispanic White,39-41 weeks,20-24,266747,685,2.5679763971103706
2010,Non-Hispanic White,39-41 weeks,25-29,382946,616,1.608581888830279
2010,Non-Hispanic White,39-41 weeks,30-34,338090,391,1.1564967907953503
2010,Non-Hispanic White,39-41 weeks,35-39,146648,159,1.0842289018602367
2010,Non-Hispanic White,39-41 weeks,40 and over,33231,60,1.8055430170623814
2010,Non-Hispanic White,42+ weeks,Under 20,11973,51,4.259584064144325
2010,Non-Hispanic White,42+ weeks,20-24,33988,112,3.2952806873014007
2010,Non-Hispanic White,42+ weeks,25-29,37020,83,2.2420313344138303
2010,Non-Hispanic White,42+ weeks,30-34,26589,41,1.5419910489300086
2010,Non-Hispanic White,42+ weeks,35-39,10185,25,2.454590083456063
2010,Non-Hispanic White,42+ weeks,40 and over,2384,9,3.7751677852348995
2011,Non-Hispanic Black,<28 weeks,Under 20,1219,480,393.7653814602133
2011,Non-Hispanic Black,<28 weeks,20-24,2650,1036,390.94339622641513
2011,Non-Hispanic Black,<28 weeks,25-29,2246,877,390.4719501335708
2011,Non-Hispanic Black,<28 weeks,30-34,1868,717,383.8329764453962
2011,Non-Hispanic Black,<28 weeks,35-39,991,370,373.36024217961653
2011,Non-Hispanic Black,<28 weeks,40 and over,302,106,350.99337748344374
2011,Non-Hispanic Black,28-31 weeks,Under 20,1516,66,43.535620052770454
2011,Non-Hispanic Black,28-31 weeks,20-24,3028,155,51.1889035667107
2011,Non-Hispanic Black,28-31 weeks,25-29,2496,94,37.66025641025641
2011,Non-Hispanic Black,28-31 weeks,30-34,1918,91,47.44525547445255
2011,Non-Hispanic Black,28-31 weeks,35-39,1161,53,45.65030146425495
2011,Non-Hispanic Black,28-31 weeks,40 and over,375,25,66.66666666666667
2011,Non-Hispanic Black,32-33 weeks,Under 20,1926,38,19.73001038421599
2011,Non-Hispanic Black,32-33 weeks,20-24,3866,73,18.882565959648215
2011,Non-Hispanic Black,32-33 weeks,25-29,2953,50,16.931933626820182
2011,Non-Hispanic Black,32-33 weeks,30-34,2350,42,17.872340425531917
2011,Non-Hispanic Black,32-33 weeks,35-39,1331,17,12.772351615326823
2011,Non-Hispanic Black,32-33 weeks,40 and over,436,8,18.34862385321101
2011,Non-Hispanic Black,34-36 weeks,Under 20,8685,81,9.32642487046632
2011,Non-Hispanic Black,34-36 weeks,20-24,19280,176,9.128630705394192
2011,Non-Hispanic Black,34-36 weeks,25-29,15108,113,7.479481069631983
2011,Non-Hispanic Black,34-36 weeks,30-34,11317,78,6.892285941503932
2011,Non-Hispanic Black,34-36 weeks,35-39,5971,31,5.1917601741751795
2011,Non-Hispanic Black,34-36 weeks,40 and over,1914,24,12.539184952978056
2011,Non-Hispanic Black,37-38 weeks,Under 20,20856,93,4.459148446490219
2011,Non-Hispanic Black,37-38 weeks,20-24,51111,249,4.871749721195046
2011,Non-Hispanic Black,37-38 weeks,25-29,42007,198,4.7135001309305595
2011,Non-Hispanic Black,37-38 weeks,30-34,29914,106,3.543491341846627
2011,Non-Hispanic Black,37-38 weeks,35-39,14851,43,2.8954279173119652
2011,Non-Hispanic Black,37-38 weeks,40 and over,4278,18,4.207573632538569
2011,Non-Hispanic Black,39-41 weeks,Under 20,40404,158,3.9105039105039103
2011,Non-Hispanic Black,39-41 weeks,20-24,94825,312,3.2902715528605326
2011,Non-Hispanic Black,39-41 weeks,25-29,74704,207,2.770935960591133
2011,Non-Hispanic Black,39-41 weeks,30-34,51756,105,2.02875028982147
2011,Non-Hispanic Black,39-41 weeks,35-39,23720,58,2.4451939291736933
2011,Non-Hispanic Black,39-41 weeks,40 and over,6012,17,2.8276779773785763
2011,Non-Hispanic Black,42+ weeks,Under 20,4642,18,3.877638948728996
2011,Non-Hispanic Black,42+ weeks,20-24,10331,38,3.678249927402962
2011,Non-Hispanic Black,42+ weeks,25-29,7450,28,3.7583892617449663
2011,Non-Hispanic Black,42+ weeks,30-34,4699,18,3.830602255799106
2011,Non-Hispanic Black,42+ weeks,35-39,1994,8,4.012036108324975
2011,Non-Hispanic Black,42+ weeks,40 and over,564,1,1.7730496453900708
2011,Non-Hispanic White,<28 weeks,Under 20,886,380,428.8939051918736
2011,Non-Hispanic White,<28 weeks,20-24,2269,904,398.41339797267517
2011,Non-Hispanic White,<28 weeks,25-29,2825,1130,400
2011,Non-Hispanic White,<28 weeks,30-34,2664,1002,376.1261261261261
2011,Non-Hispanic White,<28 weeks,35-39,1364,541,396.6275659824047
2011,Non-Hispanic White,<28 weeks,40 and over,446,154,345.2914798206278
2011,Non-Hispanic White,28-31 weeks,Under 20,1432,78,54.46927374301676
2011,Non-Hispanic White,28-31 weeks,20-24,3823,209,54.66910803034266
2011,Non-Hispanic White,28-31 weeks,25-29,5098,246,48.25421734013339
2011,Non-Hispanic White,28-31 weeks,30-34,4734,192,40.557667934093786
2011,Non-Hispanic White,28-31 weeks,35-39,2621,108,41.205646699732924
2011,Non-Hispanic White,28-31 weeks,40 and over,908,51,56.16740088105727
2011,Non-Hispanic White,32-33 weeks,Under 20,1921,33,17.17855283706403
2011,Non-Hispanic White,32-33 weeks,20-24,5470,108,19.744058500914075
2011,Non-Hispanic White,32-33 weeks,25-29,7427,104,14.00296216507338
2011,Non-Hispanic White,32-33 weeks,30-34,7295,105,14.393420150788211
2011,Non-Hispanic White,32-33 weeks,35-39,3880,67,17.268041237113405
2011,Non-Hispanic White,32-33 weeks,40 and over,1298,20,15.408320493066256
2011,Non-Hispanic White,34-36 weeks,Under 20,10677,105,9.834223096375386
2011,Non-Hispanic White,34-36 weeks,20-24,33633,291,8.652216573008651
2011,Non-Hispanic White,34-36 weeks,25-29,45655,327,7.162413755338955
2011,Non-Hispanic White,34-36 weeks,30-34,43368,248,5.718502121379819
2011,Non-Hispanic White,34-36 weeks,35-39,22706,118,5.196864264951995
2011,Non-Hispanic White,34-36 weeks,40 and over,6772,49,7.235676314235086
2011,Non-Hispanic White,37-38 weeks,Under 20,29683,144,4.851261664926052
2011,Non-Hispanic White,37-38 weeks,20-24,106866,413,3.8646529298373666
2011,Non-Hispanic White,37-38 weeks,25-29,155810,439,2.817534176240293
2011,Non-Hispanic White,37-38 weeks,30-34,146879,277,1.8859060859619141
2011,Non-Hispanic White,37-38 weeks,35-39,70301,152,2.1621314063811328
2011,Non-Hispanic White,37-38 weeks,40 and over,18983,49,2.5812569140810195
2011,Non-Hispanic White,39-41 weeks,Under 20,74204,264,3.557759689504609
2011,Non-Hispanic White,39-41 weeks,20-24,264487,705,2.665537436622594
2011,Non-Hispanic White,39-41 weeks,25-29,390177,619,1.5864594786468706
2011,Non-Hispanic White,39-41 weeks,30-34,356802,435,1.2191635697109322
2011,Non-Hispanic White,39-41 weeks,35-39,148424,178,1.1992669649113352
2011,Non-Hispanic White,39-41 weeks,40 and over,33964,61,1.7960193145683665
2011,Non-Hispanic White,42+ weeks,Under 20,10614,41,3.862822687017147
2011,Non-Hispanic White,42+ weeks,20-24,33437,109,3.259861829709603
2011,Non-Hispanic White,42+ weeks,25-29,38237,69,1.8045348745979026
2011,Non-Hispanic White,42+ weeks,30-34,27719,41,1.4791298387387712
2011,Non-Hispanic White,42+ weeks,35-39,10428,22,2.109704641350211
2011,Non-Hispanic White,42+ weeks,40 and over,2427,5,2.0601565718994643
2012,Non-Hispanic Black,<28 weeks,Under 20,1112,467,419.9640287769784
2012,Non-Hispanic Black,<28 weeks,20-24,2704,1065,393.86094674556216
2012,Non-Hispanic Black,<28 weeks,25-29,2234,835,373.769024171889
2012,Non-Hispanic Black,<28 weeks,30-34,1790,640,357.5418994413408
2012,Non-Hispanic Black,<28 weeks,35-39,1009,361,357.77998017839445
2012,Non-Hispanic Black,<28 weeks,40 and over,291,118,405.49828178694156
2012,Non-Hispanic Black,28-31 weeks,Under 20,1307,64,48.96710022953328
2012,Non-Hispanic Black,28-31 weeks,20-24,2978,145,48.69039623908664
2012,Non-Hispanic Black,28-31 weeks,25-29,2516,95,37.758346581876
2012,Non-Hispanic Black,28-31 weeks,30-34,2006,82,40.877367896311064
2012,Non-Hispanic Black,28-31 weeks,35-39,1122,49,43.672014260249554
2012,Non-Hispanic Black,28-31 weeks,40 and over,405,23,56.79012345679013
2012,Non-Hispanic Black,32-33 weeks,Under 20,1603,33,20.586400499064254
2012,Non-Hispanic Black,32-33 weeks,20-24,3818,55,14.405447878470405
2012,Non-Hispanic Black,32-33 weeks,25-29,2955,59,19.96615905245347
2012,Non-Hispanic Black,32-33 weeks,30-34,2420,40,16.528925619834713
2012,Non-Hispanic Black,32-33 weeks,35-39,1292,18,13.93188854489164
2012,Non-Hispanic Black,32-33 weeks,40 and over,452,5,11.061946902654867
2012,Non-Hispanic Black,34-36 weeks,Under 20,7740,62,8.010335917312663
2012,Non-Hispanic Black,34-36 weeks,20-24,18959,163,8.597499868136506
2012,Non-Hispanic Black,34-36 weeks,25-29,15140,126,8.3223249669749
2012,Non-Hispanic Black,34-36 weeks,30-34,11575,64,5.52915766738661
2012,Non-Hispanic Black,34-36 weeks,35-39,6107,39,6.38611429507123
2012,Non-Hispanic Black,34-36 weeks,40 and over,1977,14,7.081436519979768
2012,Non-Hispanic Black,37-38 weeks,Under 20,18768,96,5.115089514066496
2012,Non-Hispanic Black,37-38 weeks,20-24,50415,266,5.276207477933155
2012,Non-Hispanic Black,37-38 weeks,25-29,40800,178,4.362745098039216
2012,Non-Hispanic Black,37-38 weeks,30-34,29912,105,3.510296870821075
2012,Non-Hispanic Black,37-38 weeks,35-39,14742,46,3.120336453669787
2012,Non-Hispanic Black,37-38 weeks,40 and over,4366,27,6.184150251946862
2012,Non-Hispanic Black,39-41 weeks,Under 20,36987,144,3.893259793981669
2012,Non-Hispanic Black,39-41 weeks,20-24,97084,360,3.7081290428906923
2012,Non-Hispanic Black,39-41 weeks,25-29,77591,180,2.3198566844092743
2012,Non-Hispanic Black,39-41 weeks,30-34,54629,139,2.5444361053652824
2012,Non-Hispanic Black,39-41 weeks,35-39,24838,34,1.3688702794105805
2012,Non-Hispanic Black,39-41 weeks,40 and over,6300,22,3.492063492063492
2012,Non-Hispanic Black,42+ weeks,Under 20,4343,15,3.45383375546857
2012,Non-Hispanic Black,42+ weeks,20-24,10351,42,4.057578977876533
2012,Non-Hispanic Black,42+ weeks,25-29,7660,28,3.655352480417754
2012,Non-Hispanic Black,42+ weeks,30-34,5027,19,3.7795902128506067
2012,Non-Hispanic Black,42+ weeks,35-39,2127,5,2.3507287259050305
2012,Non-Hispanic Black,42+ weeks,40 and over,526,4,7.604562737642586
2012,Non-Hispanic White,<28 weeks,Under 20,839,349,415.9713945172825
2012,Non-Hispanic White,<28 weeks,20-24,2255,868,384.92239467849225
2012,Non-Hispanic White,<28 weeks,25-29,2911,1161,398.832016489179
2012,Non-Hispanic White,<28 weeks,30-34,2747,1103,401.52894066254095
2012,Non-Hispanic White,<28 weeks,35-39,1418,530,373.76586741889986
2012,Non-Hispanic White,<28 weeks,40 and over,425,140,329.4117647058824
2012,Non-Hispanic White,28-31 weeks,Under 20,1363,72,52.82465150403522
2012,Non-Hispanic White,28-31 weeks,20-24,3656,190,51.969365426695845
2012,Non-Hispanic White,28-31 weeks,25-29,5014,221,44.07658556043079
2012,Non-Hispanic White,28-31 weeks,30-34,4888,208,42.5531914893617
2012,Non-Hispanic White,28-31 weeks,35-39,2463,89,36.13479496548924
2012,Non-Hispanic White,28-31 weeks,40 and over,886,40,45.146726862302486
2012,Non-Hispanic White,32-33 weeks,Under 20,1775,41,23.098591549295772
2012,Non-Hispanic White,32-33 weeks,20-24,5286,99,18.728717366628832
2012,Non-Hispanic White,32-33 weeks,25-29,7161,110,15.360983102918587
2012,Non-Hispanic White,32-33 weeks,30-34,7172,117,16.313441160066926
2012,Non-Hispanic White,32-33 weeks,35-39,3697,51,13.794968893697593
2012,Non-Hispanic White,32-33 weeks,40 and over,1334,31,23.238380809595203
2012,Non-Hispanic White,34-36 weeks,Under 20,9685,102,10.531750129065564
2012,Non-Hispanic White,34-36 weeks,20-24,32427,296,9.12819563943627
2012,Non-Hispanic White,34-36 weeks,25-29,43900,306,6.970387243735763
2012,Non-Hispanic White,34-36 weeks,30-34,43355,238,5.489562910852266
2012,Non-Hispanic White,34-36 weeks,35-39,21914,121,5.521584375285206
2012,Non-Hispanic White,34-36 weeks,40 and over,6750,62,9.185185185185185
2012,Non-Hispanic White,37-38 weeks,Under 20,26692,140,5.245017233628053
2012,Non-Hispanic White,37-38 weeks,20-24,101078,447,4.422327311581155
2012,Non-Hispanic White,37-38 weeks,25-29,147228,410,2.7847963702556577
2012,Non-Hispanic White,37-38 weeks,30-34,143113,278,1.9425209449875274
2012,Non-Hispanic White,37-38 weeks,35-39,67337,148,2.1979001143502086
2012,Non-Hispanic White,37-38 weeks,40 and over,17630,43,2.4390243902439024
2012,Non-Hispanic White,39-41 weeks,Under 20,69651,234,3.359607184390748
2012,Non-Hispanic White,39-41 weeks,20-24,264452,683,2.5826993178346167
2012,Non-Hispanic White,39-41 weeks,25-29,394741,621,1.5731834291345463
2012,Non-Hispanic White,39-41 weeks,30-34,370832,435,1.1730379255296197
2012,Non-Hispanic White,39-41 weeks,35-39,153614,179,1.1652583748877055
2012,Non-Hispanic White,39-41 weeks,40 and over,33233,49,1.4744380585562542
2012,Non-Hispanic White,42+ weeks,Under 20,9942,40,4.023335345001006
2012,Non-Hispanic White,42+ weeks,20-24,33220,116,3.4918723660445514
2012,Non-Hispanic White,42+ weeks,25-29,38354,77,2.0076132867497525
2012,Non-Hispanic White,42+ weeks,30-34,29224,56,1.9162332329592116
2012,Non-Hispanic White,42+ weeks,35-39,10671,14,1.311967013400806
2012,Non-Hispanic White,42+ weeks,40 and over,2355,2,0.8492569002123143
2013,Non-Hispanic Black,<28 weeks,Under 20,856,346,404.2056074766355
2013,Non-Hispanic Black,<28 weeks,20-24,2636,1048,397.5720789074355
2013,Non-Hispanic Black,<28 weeks,25-29,2279,949,416.41070645019744
2013,Non-Hispanic Black,<28 weeks,30-34,1976,724,366.39676113360326
2013,Non-Hispanic Black,<28 weeks,35-39,1031,356,345.2958292919496
2013,Non-Hispanic Black,<28 weeks,40 and over,286,85,297.20279720279717
2013,Non-Hispanic Black,28-31 weeks,Under 20,1138,50,43.936731107205624
2013,Non-Hispanic Black,28-31 weeks,20-24,3109,158,50.8201994210357
2013,Non-Hispanic Black,28-31 weeks,25-29,2613,90,34.44316877152698
2013,Non-Hispanic Black,28-31 weeks,30-34,2094,93,44.412607449856736
2013,Non-Hispanic Black,28-31 weeks,35-39,1191,45,37.783375314861466
2013,Non-Hispanic Black,28-31 weeks,40 and over,371,17,45.82210242587601
2013,Non-Hispanic Black,32-33 weeks,Under 20,1445,29,20.069204152249135
2013,Non-Hispanic Black,32-33 weeks,20-24,3647,54,14.806690430490814
2013,Non-Hispanic Black,32-33 weeks,25-29,3066,51,16.634050880626223
2013,Non-Hispanic Black,32-33 weeks,30-34,2469,31,12.555690562980963
2013,Non-Hispanic Black,32-33 weeks,35-39,1251,15,11.990407673860911
2013,Non-Hispanic Black,32-33 weeks,40 and over,484,9,18.59504132231405
2013,Non-Hispanic Black,34-36 weeks,Under 20,6605,50,7.57002271006813
2013,Non-Hispanic Black,34-36 weeks,20-24,18228,178,9.765196401141102
2013,Non-Hispanic Black,34-36 weeks,25-29,15218,118,7.753975555263503
2013,Non-Hispanic Black,34-36 weeks,30-34,11835,72,6.083650190114068
2013,Non-Hispanic Black,34-36 weeks,35-39,6336,57,8.996212121212121
2013,Non-Hispanic Black,34-36 weeks,40 and over,2061,23,11.159631246967491
2013,Non-Hispanic Black,37-38 weeks,Under 20,16330,86,5.266380894060012
2013,Non-Hispanic Black,37-38 weeks,20-24,49604,217,4.374647205870494
2013,Non-Hispanic Black,37-38 weeks,25-29,42188,194,4.598464018204229
2013,Non-Hispanic Black,37-38 weeks,30-34,31397,98,3.1213173233111444
2013,Non-Hispanic Black,37-38 weeks,35-39,15656,52,3.321410321921308
2013,Non-Hispanic Black,37-38 weeks,40 and over,4435,14,3.156708004509583
2013,Non-Hispanic Black,39-41 weeks,Under 20,32423,134,4.132868642630232
2013,Non-Hispanic Black,39-41 weeks,20-24,97144,329,3.386724862060446
2013,Non-Hispanic Black,39-41 weeks,25-29,80149,225,2.807271456911502
2013,Non-Hispanic Black,39-41 weeks,30-34,57305,133,2.3209144053747495
2013,Non-Hispanic Black,39-41 weeks,35-39,25684,59,2.2971499766391528
2013,Non-Hispanic Black,39-41 weeks,40 and over,6671,24,3.597661520011992
2013,Non-Hispanic Black,42+ weeks,Under 20,3718,18,4.841312533620226
2013,Non-Hispanic Black,42+ weeks,20-24,10330,41,3.969022265246854
2013,Non-Hispanic Black,42+ weeks,25-29,7683,21,2.7333073018352207
2013,Non-Hispanic Black,42+ weeks,30-34,5118,16,3.126221180148496
2013,Non-Hispanic Black,42+ weeks,35-39,2145,7,3.2634032634032635
2013,Non-Hispanic Black,42+ weeks,40 and over,572,1,1.7482517482517483
2013,Non-Hispanic White,<28 weeks,Under 20,793,339,427.4905422446406
2013,Non-Hispanic White,<28 weeks,20-24,2167,871,401.93816335948316
2013,Non-Hispanic White,<28 weeks,25-29,2806,1106,394.15538132573056
2013,Non-Hispanic White,<28 weeks,30-34,2654,1066,401.65787490580254
2013,Non-Hispanic White,<28 weeks,35-39,1443,550,381.1503811503811
2013,Non-Hispanic White,<28 weeks,40 and over,448,179,399.55357142857144
2013,Non-Hispanic White,28-31 weeks,Under 20,1224,63,51.470588235294116
2013,Non-Hispanic White,28-31 weeks,20-24,3592,161,44.82182628062361
2013,Non-Hispanic White,28-31 weeks,25-29,4890,223,45.60327198364008
2013,Non-Hispanic White,28-31 weeks,30-34,5220,184,35.24904214559387
2013,Non-Hispanic White,28-31 weeks,35-39,2484,97,39.049919484702095
2013,Non-Hispanic White,28-31 weeks,40 and over,861,36,41.811846689895475
2013,Non-Hispanic White,32-33 weeks,Under 20,1530,33,21.56862745098039
2013,Non-Hispanic White,32-33 weeks,20-24,5219,120,22.99291051925656
2013,Non-Hispanic White,32-33 weeks,25-29,7302,125,17.118597644480964
2013,Non-Hispanic White,32-33 weeks,30-34,7546,114,15.107341637953882
2013,Non-Hispanic White,32-33 weeks,35-39,3761,38,10.103695825578303
2013,Non-Hispanic White,32-33 weeks,40 and over,1343,25,18.615040953090094
2013,Non-Hispanic White,34-36 weeks,Under 20,8756,116,13.248058474189127
2013,Non-Hispanic White,34-36 weeks,20-24,30957,279,9.012501211357689
2013,Non-Hispanic White,34-36 weeks,25-29,43458,317,7.294399190022551
2013,Non-Hispanic White,34-36 weeks,30-34,43219,248,5.7382169878988405
2013,Non-Hispanic White,34-36 weeks,35-39,22046,108,4.898847863558015
2013,Non-Hispanic White,34-36 weeks,40 and over,6423,52,8.095905340183714
2013,Non-Hispanic White,37-38 weeks,Under 20,24060,126,5.236907730673317
2013,Non-Hispanic White,37-38 weeks,20-24,96686,399,4.126760854725607
2013,Non-Hispanic White,37-38 weeks,25-29,143221,449,3.135015116498279
2013,Non-Hispanic White,37-38 weeks,30-34,143700,333,2.317327766179541
2013,Non-Hispanic White,37-38 weeks,35-39,68614,158,2.3027370507476608
2013,Non-Hispanic White,37-38 weeks,40 and over,17345,58,3.3439031421158836
2013,Non-Hispanic White,39-41 weeks,Under 20,62806,197,3.136642995892112
2013,Non-Hispanic White,39-41 weeks,20-24,258924,682,2.6339775378103227
2013,Non-Hispanic White,39-41 weeks,25-29,395380,647,1.6364004249076838
2013,Non-Hispanic White,39-41 weeks,30-34,385953,466,1.2074009011459943
2013,Non-Hispanic White,39-41 weeks,35-39,159114,177,1.112409970210038
2013,Non-Hispanic White,39-41 weeks,40 and over,32459,65,2.0025262639021535
2013,Non-Hispanic White,42+ weeks,Under 20,8782,25,2.846731951719426
2013,Non-Hispanic White,42+ weeks,20-24,32065,87,2.7132387338219246
2013,Non-Hispanic White,42+ weeks,25-29,38590,80,2.0730759264058047
2013,Non-Hispanic White,42+ weeks,30-34,30724,55,1.7901314932951438
2013,Non-Hispanic White,42+ weeks,35-39,10995,23,2.0918599363346972
2013,Non-Hispanic White,42+ weeks,40 and over,2276,6,2.6362038664323375
2014,Non-Hispanic Black,<28 weeks,Under 20,769,324,421.32639791937584
2014,Non-Hispanic Black,<28 weeks,20-24,2335,958,410.2783725910064
2014,Non-Hispanic Black,<28 weeks,25-29,2229,911,408.7034544638852
2014,Non-Hispanic Black,<28 weeks,30-34,1780,700,393.2584269662922
2014,Non-Hispanic Black,<28 weeks,35-39,1014,373,367.8500986193294
2014,Non-Hispanic Black,<28 weeks,40 and over,268,79,294.7761194029851
2014,Non-Hispanic Black,28-31 weeks,Under 20,954,52,54.50733752620545
2014,Non-Hispanic Black,28-31 weeks,20-24,2771,148,53.4103211836882
2014,Non-Hispanic Black,28-31 weeks,25-29,2514,95,37.78838504375497
2014,Non-Hispanic Black,28-31 weeks,30-34,2009,73,36.336485813837726
2014,Non-Hispanic Black,28-31 weeks,35-39,1242,57,45.893719806763286
2014,Non-Hispanic Black,28-31 weeks,40 and over,410,13,31.70731707317073
2014,Non-Hispanic Black,32-33 weeks,Under 20,1113,20,17.969451931716083
2014,Non-Hispanic Black,32-33 weeks,20-24,3471,61,17.574186113511956
2014,Non-Hispanic Black,32-33 weeks,25-29,3027,47,15.526924347538818
2014,Non-Hispanic Black,32-33 weeks,30-34,2331,31,13.299013299013298
2014,Non-Hispanic Black,32-33 weeks,35-39,1326,23,17.345399698340877
2014,Non-Hispanic Black,32-33 weeks,40 and over,422,13,30.805687203791468
2014,Non-Hispanic Black,34-36 weeks,Under 20,5356,54,10.08215085884989
2014,Non-Hispanic Black,34-36 weeks,20-24,17237,151,8.760225097174683
2014,Non-Hispanic Black,34-36 weeks,25-29,15284,133,8.701910494634912
2014,Non-Hispanic Black,34-36 weeks,30-34,11493,80,6.960758722700774
2014,Non-Hispanic Black,34-36 weeks,35-39,6346,45,7.091080995902931
2014,Non-Hispanic Black,34-36 weeks,40 and over,1954,21,10.747185261003072
2014,Non-Hispanic Black,37-38 weeks,Under 20,13112,56,4.270896888346553
2014,Non-Hispanic Black,37-38 weeks,20-24,45410,229,5.042942083241576
2014,Non-Hispanic Black,37-38 weeks,25-29,40681,150,3.6872249944691626
2014,Non-Hispanic Black,37-38 weeks,30-34,30377,84,2.7652500246897325
2014,Non-Hispanic Black,37-38 weeks,35-39,15801,56,3.5440794886399596
2014,Non-Hispanic Black,37-38 weeks,40 and over,4272,17,3.9794007490636707
2014,Non-Hispanic Black,39-41 weeks,Under 20,26217,126,4.806041881222108
2014,Non-Hispanic Black,39-41 weeks,20-24,87814,309,3.518801102329925
2014,Non-Hispanic Black,39-41 weeks,25-29,77639,204,2.6275454346398073
2014,Non-Hispanic Black,39-41 weeks,30-34,55380,122,2.2029613578909353
2014,Non-Hispanic Black,39-41 weeks,35-39,25184,36,1.4294790343074968
2014,Non-Hispanic Black,39-41 weeks,40 and over,6104,19,3.112712975098296
2014,Non-Hispanic Black,42+ weeks,Under 20,3026,9,2.974223397224058
2014,Non-Hispanic Black,42+ weeks,20-24,9593,41,4.273949755029709
2014,Non-Hispanic Black,42+ weeks,25-29,8117,29,3.5727485524208453
2014,Non-Hispanic Black,42+ weeks,30-34,5060,18,3.5573122529644268
2014,Non-Hispanic Black,42+ weeks,35-39,2288,8,3.4965034965034967
2014,Non-Hispanic Black,42+ weeks,40 and over,584,2,3.4246575342465753
2014,Non-Hispanic White,<28 weeks,Under 20,694,265,381.8443804034582
2014,Non-Hispanic White,<28 weeks,20-24,2001,762,380.80959520239884
2014,Non-Hispanic White,<28 weeks,25-29,2832,1177,415.6073446327684
2014,Non-Hispanic White,<28 weeks,30-34,2663,1056,396.54524971836275
2014,Non-Hispanic White,<28 weeks,35-39,1334,477,357.5712143928036
2014,Non-Hispanic White,<28 weeks,40 and over,404,149,368.81188118811883
2014,Non-Hispanic White,28-31 weeks,Under 20,1048,60,57.25190839694656
2014,Non-Hispanic White,28-31 weeks,20-24,3334,167,50.08998200359928
2014,Non-Hispanic White,28-31 weeks,25-29,4629,214,46.230287319075394
2014,Non-Hispanic White,28-31 weeks,30-34,4905,201,40.97859327217125
2014,Non-Hispanic White,28-31 weeks,35-39,2479,84,33.88463089955628
2014,Non-Hispanic White,28-31 weeks,40 and over,786,30,38.16793893129771
2014,Non-Hispanic White,32-33 weeks,Under 20,1383,25,18.076644974692698
2014,Non-Hispanic White,32-33 weeks,20-24,4979,100,20.08435428800964
2014,Non-Hispanic White,32-33 weeks,25-29,6907,105,15.201969016939337
2014,Non-Hispanic White,32-33 weeks,30-34,7352,120,16.32208922742111
2014,Non-Hispanic White,32-33 weeks,35-39,3706,50,13.491635186184567
2014,Non-Hispanic White,32-33 weeks,40 and over,1055,19,18.009478672985782
2014,Non-Hispanic White,34-36 weeks,Under 20,7667,74,9.65175427155341
2014,Non-Hispanic White,34-36 weeks,20-24,28933,249,8.606089931911658
2014,Non-Hispanic White,34-36 weeks,25-29,41989,343,8.168806115887495
2014,Non-Hispanic White,34-36 weeks,30-34,42991,262,6.094298806726989
2014,Non-Hispanic White,34-36 weeks,35-39,21929,121,5.517807469560856
2014,Non-Hispanic White,34-36 weeks,40 and over,6053,49,8.095159425078473
2014,Non-Hispanic White,37-38 weeks,Under 20,21227,114,5.370518679040844
2014,Non-Hispanic White,37-38 weeks,20-24,90353,379,4.194658727435724
2014,Non-Hispanic White,37-38 weeks,25-29,138711,384,2.7683456971689338
2014,Non-Hispanic White,37-38 weeks,30-34,140264,339,2.4168710431757257
2014,Non-Hispanic White,37-38 weeks,35-39,66693,156,2.3390760649543427
2014,Non-Hispanic White,37-38 weeks,40 and over,15861,54,3.404577264989597
2014,Non-Hispanic White,39-41 weeks,Under 20,55121,216,3.9186516935469244
2014,Non-Hispanic White,39-41 weeks,20-24,242343,584,2.4098075867675157
2014,Non-Hispanic White,39-41 weeks,25-29,385992,593,1.5363012704926526
2014,Non-Hispanic White,39-41 weeks,30-34,379433,446,1.1754380878837634
2014,Non-Hispanic White,39-41 weeks,35-39,156187,183,1.171672418319066
2014,Non-Hispanic White,39-41 weeks,40 and over,29752,46,1.5461145469212154
2014,Non-Hispanic White,42+ weeks,Under 20,7709,26,3.372681281618887
2014,Non-Hispanic White,42+ weeks,20-24,29939,108,3.607334914325796
2014,Non-Hispanic White,42+ weeks,25-29,37584,81,2.155172413793103
2014,Non-Hispanic White,42+ weeks,30-34,30358,57,1.877594044403452
2014,Non-Hispanic White,42+ weeks,35-39,11029,22,1.994741137002448
2014,Non-Hispanic White,42+ weeks,40 and over,2132,6,2.8142589118198873
2015,Non-Hispanic Black,<28 weeks,Under 20,670,267,398.5074626865672
2015,Non-Hispanic Black,<28 weeks,20-24,2306,919,398.52558542931484
2015,Non-Hispanic Black,<28 weeks,25-29,2374,914,385.00421229991576
2015,Non-Hispanic Black,<28 weeks,30-34,1949,690,354.0277065161621
2015,Non-Hispanic Black,<28 weeks,35-39,1059,383,361.66194523135033
2015,Non-Hispanic Black,<28 weeks,40 and over,268,103,384.32835820895525
2015,Non-Hispanic Black,28-31 weeks,Under 20,835,52,62.27544910179641
2015,Non-Hispanic Black,28-31 weeks,20-24,2782,152,54.636951833213516
2015,Non-Hispanic Black,28-31 weeks,25-29,2642,119,45.041635124905376
2015,Non-Hispanic Black,28-31 weeks,30-34,2002,92,45.95404595404595
2015,Non-Hispanic Black,28-31 weeks,35-39,1234,61,49.43273905996758
2015,Non-Hispanic Black,28-31 weeks,40 and over,387,19,49.09560723514212
2015,Non-Hispanic Black,32-33 weeks,Under 20,1174,24,20.442930153321974
2015,Non-Hispanic Black,32-33 weeks,20-24,3344,66,19.736842105263158
2015,Non-Hispanic Black,32-33 weeks,25-29,3264,70,21.44607843137255
2015,Non-Hispanic Black,32-33 weeks,30-34,2453,34,13.860578883000407
2015,Non-Hispanic Black,32-33 weeks,35-39,1562,27,17.285531370038413
2015,Non-Hispanic Black,32-33 weeks,40 and over,476,8,16.80672268907563
2015,Non-Hispanic Black,34-36 weeks,Under 20,4954,43,8.679854662898666
2015,Non-Hispanic Black,34-36 weeks,20-24,16316,157,9.622456484432458
2015,Non-Hispanic Black,34-36 weeks,25-29,15730,131,8.328035600762872
2015,Non-Hispanic Black,34-36 weeks,30-34,11946,87,7.282772476142641
2015,Non-Hispanic Black,34-36 weeks,35-39,6826,50,7.32493407559332
2015,Non-Hispanic Black,34-36 weeks,40 and over,2110,24,11.374407582938389
2015,Non-Hispanic Black,37-38 weeks,Under 20,12331,60,4.8657854188630285
2015,Non-Hispanic Black,37-38 weeks,20-24,44678,233,5.215094677469895
2015,Non-Hispanic Black,37-38 weeks,25-29,43160,194,4.494902687673773
2015,Non-Hispanic Black,37-38 weeks,30-34,31777,107,3.367215281492904
2015,Non-Hispanic Black,37-38 weeks,35-39,17068,60,3.515350363252871
2015,Non-Hispanic Black,37-38 weeks,40 and over,4598,28,6.089604175728578
2015,Non-Hispanic Black,39-41 weeks,Under 20,23933,94,3.9276313040571598
2015,Non-Hispanic Black,39-41 weeks,20-24,85549,336,3.9275736712293536
2015,Non-Hispanic Black,39-41 weeks,25-29,81287,238,2.9278974497767174
2015,Non-Hispanic Black,39-41 weeks,30-34,57838,135,2.334105605311387
2015,Non-Hispanic Black,39-41 weeks,35-39,27480,62,2.2561863173216885
2015,Non-Hispanic Black,39-41 weeks,40 and over,6482,17,2.6226473310706573
2015,Non-Hispanic Black,42+ weeks,Under 20,2718,7,2.57542310522443
2015,Non-Hispanic Black,42+ weeks,20-24,8898,37,4.158237806248596
2015,Non-Hispanic Black,42+ weeks,25-29,7995,27,3.377110694183865
2015,Non-Hispanic Black,42+ weeks,30-34,5380,16,2.973977695167286
2015,Non-Hispanic Black,42+ weeks,35-39,2299,6,2.609830361026533
2015,Non-Hispanic Black,42+ weeks,40 and over,639,4,6.259780907668231
2015,Non-Hispanic White,<28 weeks,Under 20,572,247,431.8181818181818
2015,Non-Hispanic White,<28 weeks,20-24,1808,695,384.4026548672566
2015,Non-Hispanic White,<28 weeks,25-29,2726,1131,414.8936170212766
2015,Non-Hispanic White,<28 weeks,30-34,2651,965,364.0135797812146
2015,Non-Hispanic White,<28 weeks,35-39,1406,515,366.2873399715505
2015,Non-Hispanic White,<28 weeks,40 and over,391,137,350.38363171355496
2015,Non-Hispanic White,28-31 weeks,Under 20,968,63,65.08264462809917
2015,Non-Hispanic White,28-31 weeks,20-24,3361,186,55.340672418922935
2015,Non-Hispanic White,28-31 weeks,25-29,4751,197,41.46495474636919
2015,Non-Hispanic White,28-31 weeks,30-34,4971,206,41.44035405351036
2015,Non-Hispanic White,28-31 weeks,35-39,2591,109,42.06869934388267
2015,Non-Hispanic White,28-31 weeks,40 and over,774,31,40.0516795865633
2015,Non-Hispanic White,32-33 weeks,Under 20,1339,25,18.6706497386109
2015,Non-Hispanic White,32-33 weeks,20-24,4729,95,20.088813702685556
2015,Non-Hispanic White,32-33 weeks,25-29,7094,120,16.91570341133352
2015,Non-Hispanic White,32-33 weeks,30-34,7301,113,15.477331872346255
2015,Non-Hispanic White,32-33 weeks,35-39,3865,54,13.971539456662354
2015,Non-Hispanic White,32-33 weeks,40 and over,1120,11,9.821428571428571
2015,Non-Hispanic White,34-36 weeks,Under 20,6974,70,10.037281330656725
2015,Non-Hispanic White,34-36 weeks,20-24,27712,250,9.02136258660508
2015,Non-Hispanic White,34-36 weeks,25-29,41888,318,7.591673032849504
2015,Non-Hispanic White,34-36 weeks,30-34,43406,257,5.920840436805972
2015,Non-Hispanic White,34-36 weeks,35-39,22883,146,6.380282305641743
2015,Non-Hispanic White,34-36 weeks,40 and over,6140,48,7.817589576547231
2015,Non-Hispanic White,37-38 weeks,Under 20,19656,96,4.884004884004884
2015,Non-Hispanic White,37-38 weeks,20-24,86690,354,4.083515976467874
2015,Non-Hispanic White,37-38 weeks,25-29,139332,441,3.1651020583929035
2015,Non-Hispanic White,37-38 weeks,30-34,143791,359,2.4966792080171913
2015,Non-Hispanic White,37-38 weeks,35-39,70809,159,2.24547726983858
2015,Non-Hispanic White,37-38 weeks,40 and over,16116,55,3.412757508066518
2015,Non-Hispanic White,39-41 weeks,Under 20,50707,172,3.3920366024414776
2015,Non-Hispanic White,39-41 weeks,20-24,232582,619,2.6614269375962025
2015,Non-Hispanic White,39-41 weeks,25-29,388203,646,1.6640778149576383
2015,Non-Hispanic White,39-41 weeks,30-34,391038,444,1.1354395225016494
2015,Non-Hispanic White,39-41 weeks,35-39,166094,195,1.1740339807578841
2015,Non-Hispanic White,39-41 weeks,40 and over,30365,67,2.2064877325868597
2015,Non-Hispanic White,42+ weeks,Under 20,6825,23,3.36996336996337
2015,Non-Hispanic White,42+ weeks,20-24,27654,108,3.9054024734215664
2015,Non-Hispanic White,42+ weeks,25-29,37267,88,2.3613384495666407
2015,Non-Hispanic White,42+ weeks,30-34,30457,57,1.8714909544603868
2015,Non-Hispanic White,42+ weeks,35-39,11311,22,1.9450092829988506
2015,Non-Hispanic White,42+ weeks,40 and over,2177,6,2.756086357372531
2016,Non-Hispanic Black,<28 weeks,Under 20,675,268,397.037037037037
2016,Non-Hispanic Black,<28 weeks,20-24,2211,896,405.2464947987336
2016,Non-Hispanic Black,<28 weeks,25-29,2416,946,391.55629139072846
2016,Non-Hispanic Black,<28 weeks,30-34,1878,724,385.5165069222577
2016,Non-Hispanic Black,<28 weeks,35-39,1117,404,361.6830796777081
2016,Non-Hispanic Black,<28 weeks,40 and over,297,98,329.96632996632997
2016,Non-Hispanic Black,28-31 weeks,Under 20,826,32,38.7409200968523
2016,Non-Hispanic Black,28-31 weeks,20-24,2655,130,48.964218455743875
2016,Non-Hispanic Black,28-31 weeks,25-29,2683,96,35.78084234066343
2016,Non-Hispanic Black,28-31 weeks,30-34,2121,81,38.18953323903819
2016,Non-Hispanic Black,28-31 weeks,35-39,1337,50,37.397157816005986
2016,Non-Hispanic Black,28-31 weeks,40 and over,391,15,38.36317135549872
2016,Non-Hispanic Black,32-33 weeks,Under 20,1053,21,19.943019943019944
2016,Non-Hispanic Black,32-33 weeks,20-24,3196,65,20.337922403003752
2016,Non-Hispanic Black,32-33 weeks,25-29,3345,48,14.349775784753364
2016,Non-Hispanic Black,32-33 weeks,30-34,2583,35,13.550135501355014
2016,Non-Hispanic Black,32-33 weeks,35-39,1647,25,15.179113539769277
2016,Non-Hispanic Black,32-33 weeks,40 and over,496,6,12.096774193548386
2016,Non-Hispanic Black,34-36 weeks,Under 20,4820,45,9.336099585062241
2016,Non-Hispanic Black,34-36 weeks,20-24,15732,168,10.678871090770405
2016,Non-Hispanic Black,34-36 weeks,25-29,16609,143,8.609789872960443
2016,Non-Hispanic Black,34-36 weeks,30-34,12450,100,8.032128514056224
2016,Non-Hispanic Black,34-36 weeks,35-39,7562,57,7.537688442211055
2016,Non-Hispanic Black,34-36 weeks,40 and over,2208,23,10.416666666666666
2016,Non-Hispanic Black,37-38 weeks,Under 20,11513,62,5.385216711543473
2016,Non-Hispanic Black,37-38 weeks,20-24,42002,224,5.333079377172515
2016,Non-Hispanic Black,37-38 weeks,25-29,45132,204,4.520074448285031
2016,Non-Hispanic Black,37-38 weeks,30-34,33381,106,3.1754590934963005
2016,Non-Hispanic Black,37-38 weeks,35-39,18584,66,3.5514421007318124
2016,Non-Hispanic Black,37-38 weeks,40 and over,5068,34,6.708760852407261
2016,Non-Hispanic Black,39-41 weeks,Under 20,21784,105,4.820051413881748
2016,Non-Hispanic Black,39-41 weeks,20-24,79286,302,3.808995282899881
2016,Non-Hispanic Black,39-41 weeks,25-29,84562,247,2.9209337527494617
2016,Non-Hispanic Black,39-41 weeks,30-34,60566,139,2.2950170062411255
2016,Non-Hispanic Black,39-41 weeks,35-39,29219,56,1.9165611417228516
2016,Non-Hispanic Black,39-41 weeks,40 and over,6614,32,4.838221953432114
2016,Non-Hispanic Black,42+ weeks,Under 20,2421,15,6.195786864931847
2016,Non-Hispanic Black,42+ weeks,20-24,8354,43,5.147234857553268
2016,Non-Hispanic Black,42+ weeks,25-29,8324,34,4.084574723690533
2016,Non-Hispanic Black,42+ weeks,30-34,5385,16,2.971216341689879
2016,Non-Hispanic Black,42+ weeks,35-39,2463,12,4.872107186358099
2016,Non-Hispanic Black,42+ weeks,40 and over,591,2,3.3840947546531304
2016,Non-Hispanic White,<28 weeks,Under 20,579,218,376.5112262521589
2016,Non-Hispanic White,<28 weeks,20-24,1744,726,416.2844036697247
2016,Non-Hispanic White,<28 weeks,25-29,2652,1048,395.17345399698337
2016,Non-Hispanic White,<28 weeks,30-34,2649,995,375.61343903359756
2016,Non-Hispanic White,<28 weeks,35-39,1448,525,362.56906077348066
2016,Non-Hispanic White,<28 weeks,40 and over,327,119,363.914373088685
2016,Non-Hispanic White,28-31 weeks,Under 20,857,59,68.84480746791131
2016,Non-Hispanic White,28-31 weeks,20-24,3070,145,47.23127035830619
2016,Non-Hispanic White,28-31 weeks,25-29,4653,190,40.833870621104666
2016,Non-Hispanic White,28-31 weeks,30-34,5056,204,40.348101265822784
2016,Non-Hispanic White,28-31 weeks,35-39,2667,92,34.49568803899513
2016,Non-Hispanic White,28-31 weeks,40 and over,757,42,55.482166446499335
2016,Non-Hispanic White,32-33 weeks,Under 20,1149,29,25.239338555265448
2016,Non-Hispanic White,32-33 weeks,20-24,4536,96,21.164021164021165
2016,Non-Hispanic White,32-33 weeks,25-29,6854,136,19.842427779398893
2016,Non-Hispanic White,32-33 weeks,30-34,7485,114,15.230460921843688
2016,Non-Hispanic White,32-33 weeks,35-39,4095,60,14.652014652014651
2016,Non-Hispanic White,32-33 weeks,40 and over,1090,19,17.431192660550458
2016,Non-Hispanic White,34-36 weeks,Under 20,6536,88,13.46389228886169
2016,Non-Hispanic White,34-36 weeks,20-24,26514,260,9.80614015237233
2016,Non-Hispanic White,34-36 weeks,25-29,41656,334,8.018052621471096
2016,Non-Hispanic White,34-36 weeks,30-34,45088,297,6.587118523775727
2016,Non-Hispanic White,34-36 weeks,35-39,24331,137,5.630676914224652
2016,Non-Hispanic White,34-36 weeks,40 and over,6157,34,5.522169887932434
2016,Non-Hispanic White,37-38 weeks,Under 20,17681,100,5.6557886997341775
2016,Non-Hispanic White,37-38 weeks,20-24,82208,334,4.062864927987544
2016,Non-Hispanic White,37-38 weeks,25-29,138533,412,2.9740206304634995
2016,Non-Hispanic White,37-38 weeks,30-34,147830,347,2.34729080700805
2016,Non-Hispanic White,37-38 weeks,35-39,74229,161,2.168963612604238
2016,Non-Hispanic White,37-38 weeks,40 and over,16662,56,3.360941063497779
2016,Non-Hispanic White,39-41 weeks,Under 20,45085,130,2.8834423866030834
2016,Non-Hispanic White,39-41 weeks,20-24,219034,610,2.7849557602929225
2016,Non-Hispanic White,39-41 weeks,25-29,383848,626,1.630853879660699
2016,Non-Hispanic White,39-41 weeks,30-34,402438,498,1.2374576953468608
2016,Non-Hispanic White,39-41 weeks,35-39,175069,212,1.210951110704922
2016,Non-Hispanic White,39-41 weeks,40 and over,30857,48,1.5555627572349873
2016,Non-Hispanic White,42+ weeks,Under 20,6195,26,4.196933010492333
2016,Non-Hispanic White,42+ weeks,20-24,25929,76,2.9310810289637086
2016,Non-Hispanic White,42+ weeks,25-29,36310,75,2.0655466813549985
2016,Non-Hispanic White,42+ weeks,30-34,30523,55,1.801919863709334
2016,Non-Hispanic White,42+ weeks,35-39,11654,16,1.3729191693839025
2016,Non-Hispanic White,42+ weeks,40 and over,2075,9,4.337349397590361
2017,Non-Hispanic Black,<28 weeks,Under 20,640,268,418.75
2017,Non-Hispanic Black,<28 weeks,20-24,2074,792,381.870781099325
2017,Non-Hispanic Black,<28 weeks,25-29,2469,902,365.33009315512356
2017,Non-Hispanic Black,<28 weeks,30-34,1907,721,378.0807551127425
2017,Non-Hispanic Black,<28 weeks,35-39,1123,374,333.0365093499555
2017,Non-Hispanic Black,<28 weeks,40 and over,291,88,302.40549828178695
2017,Non-Hispanic Black,28-31 weeks,Under 20,728,29,39.83516483516483
2017,Non-Hispanic Black,28-31 weeks,20-24,2485,132,53.11871227364185
2017,Non-Hispanic Black,28-31 weeks,25-29,2884,123,42.649098474341194
2017,Non-Hispanic Black,28-31 weeks,30-34,2214,87,39.295392953929536
2017,Non-Hispanic Black,28-31 weeks,35-39,1476,62,42.00542005420054
2017,Non-Hispanic Black,28-31 weeks,40 and over,470,25,53.191489361702125
2017,Non-Hispanic Black,32-33 weeks,Under 20,996,19,19.076305220883537
2017,Non-Hispanic Black,32-33 weeks,20-24,3216,51,15.858208955223882
2017,Non-Hispanic Black,32-33 weeks,25-29,3457,59,17.066820943014175
2017,Non-Hispanic Black,32-33 weeks,30-34,2626,41,15.613099771515614
2017,Non-Hispanic Black,32-33 weeks,35-39,1720,16,9.30232558139535
2017,Non-Hispanic Black,32-33 weeks,40 and over,546,13,23.809523809523807
2017,Non-Hispanic Black,34-36 weeks,Under 20,4566,42,9.198423127463863
2017,Non-Hispanic Black,34-36 weeks,20-24,15472,126,8.14374353671148
2017,Non-Hispanic Black,34-36 weeks,25-29,17617,149,8.457739683260487
2017,Non-Hispanic Black,34-36 weeks,30-34,13429,103,7.669967979745327
2017,Non-Hispanic Black,34-36 weeks,35-39,8129,55,6.7658998646820026
2017,Non-Hispanic Black,34-36 weeks,40 and over,2432,28,11.51315789473684
2017,Non-Hispanic Black,37-38 weeks,Under 20,10822,58,5.359452966180004
2017,Non-Hispanic Black,37-38 weeks,20-24,40553,233,5.7455675289127806
2017,Non-Hispanic Black,37-38 weeks,25-29,47215,194,4.108863708567193
2017,Non-Hispanic Black,37-38 weeks,30-34,35060,135,3.8505419281232176
2017,Non-Hispanic Black,37-38 weeks,35-39,19959,76,3.8078060023047247
2017,Non-Hispanic Black,37-38 weeks,40 and over,5351,30,5.606428704914969
2017,Non-Hispanic Black,39-41 weeks,Under 20,20262,96,4.737933076695291
2017,Non-Hispanic Black,39-41 weeks,20-24,75614,272,3.5972174465046156
2017,Non-Hispanic Black,39-41 weeks,25-29,85118,253,2.9723442750064617
2017,Non-Hispanic Black,39-41 weeks,30-34,61323,148,2.413450092135088
2017,Non-Hispanic Black,39-41 weeks,35-39,29873,66,2.209352927392629
2017,Non-Hispanic Black,39-41 weeks,40 and over,6774,29,4.281074697372306
2017,Non-Hispanic Black,42+ weeks,Under 20,2261,8,3.538257408226449
2017,Non-Hispanic Black,42+ weeks,20-24,7808,46,5.891393442622951
2017,Non-Hispanic Black,42+ weeks,25-29,8203,25,3.0476654882360115
2017,Non-Hispanic Black,42+ weeks,30-34,5575,18,3.2286995515695067
2017,Non-Hispanic Black,42+ weeks,35-39,2617,8,3.056935422239205
2017,Non-Hispanic Black,42+ weeks,40 and over,594,6,10.101010101010102
2017,Non-Hispanic White,<28 weeks,Under 20,545,215,394.4954128440367
2017,Non-Hispanic White,<28 weeks,20-24,1674,656,391.8757467144564
2017,Non-Hispanic White,<28 weeks,25-29,2565,1033,402.729044834308
2017,Non-Hispanic White,<28 weeks,30-34,2483,880,354.40998791784136
2017,Non-Hispanic White,<28 weeks,35-39,1338,492,367.7130044843049
2017,Non-Hispanic White,<28 weeks,40 and over,341,107,313.78299120234607
2017,Non-Hispanic White,28-31 weeks,Under 20,847,43,50.76741440377804
2017,Non-Hispanic White,28-31 weeks,20-24,2791,155,55.535650304550344
2017,Non-Hispanic White,28-31 weeks,25-29,4574,191,41.75776125929165
2017,Non-Hispanic White,28-31 weeks,30-34,4935,197,39.918946301925025
2017,Non-Hispanic White,28-31 weeks,35-39,2716,72,26.509572901325477
2017,Non-Hispanic White,28-31 weeks,40 and over,724,27,37.29281767955801
2017,Non-Hispanic White,32-33 weeks,Under 20,1097,20,18.231540565177756
2017,Non-Hispanic White,32-33 weeks,20-24,4127,76,18.415313787254664
2017,Non-Hispanic White,32-33 weeks,25-29,6678,108,16.172506738544474
2017,Non-Hispanic White,32-33 weeks,30-34,7402,98,13.239664955417455
2017,Non-Hispanic White,32-33 weeks,35-39,3973,77,19.380820538635792
2017,Non-Hispanic White,32-33 weeks,40 and over,1110,14,12.612612612612612
2017,Non-Hispanic White,34-36 weeks,Under 20,5978,67,11.207761793241888
2017,Non-Hispanic White,34-36 weeks,20-24,25393,260,10.239042255739772
2017,Non-Hispanic White,34-36 weeks,25-29,41476,311,7.4983122769794575
2017,Non-Hispanic White,34-36 weeks,30-34,44635,268,6.004256749187857
2017,Non-Hispanic White,34-36 weeks,35-39,24749,145,5.858822578690048
2017,Non-Hispanic White,34-36 weeks,40 and over,6187,40,6.465168902537579
2017,Non-Hispanic White,37-38 weeks,Under 20,16590,79,4.761904761904763
2017,Non-Hispanic White,37-38 weeks,20-24,79395,358,4.509100069273884
2017,Non-Hispanic White,37-38 weeks,25-29,136113,363,2.6669017654448877
2017,Non-Hispanic White,37-38 weeks,30-34,147766,334,2.260330522583003
2017,Non-Hispanic White,37-38 weeks,35-39,76469,178,2.3277406530751024
2017,Non-Hispanic White,37-38 weeks,40 and over,17142,49,2.8584762571461906
2017,Non-Hispanic White,39-41 weeks,Under 20,41224,156,3.784203376673782
2017,Non-Hispanic White,39-41 weeks,20-24,204079,502,2.4598317318293406
2017,Non-Hispanic White,39-41 weeks,25-29,366242,586,1.6000349495688642
2017,Non-Hispanic White,39-41 weeks,30-34,389303,460,1.1815989088190948
2017,Non-Hispanic White,39-41 weeks,35-39,175179,186,1.061771102700666
2017,Non-Hispanic White,39-41 weeks,40 and over,30653,60,1.9573940560467167
2017,Non-Hispanic White,42+ weeks,Under 20,5493,22,4.0050973966866925
2017,Non-Hispanic White,42+ weeks,20-24,23924,61,2.5497408460123725
2017,Non-Hispanic White,42+ weeks,25-29,34585,75,2.168570189388463
2017,Non-Hispanic White,42+ weeks,30-34,29043,61,2.1003339875357225
2017,Non-Hispanic White,42+ weeks,35-39,11689,37,3.1653691504833605
2017,Non-Hispanic White,42+ weeks,40 and over,2067,9,4.354136429608127
2018,Non-Hispanic Black,<28 weeks,Under 20,586,231,394.19795221843003
2018,Non-Hispanic Black,<28 weeks,20-24,1855,675,363.8814016172507
2018,Non-Hispanic Black,<28 weeks,25-29,2398,920,383.65304420350293
2018,Non-Hispanic Black,<28 weeks,30-34,1912,674,352.510460251046
2018,Non-Hispanic Black,<28 weeks,35-39,1173,383,326.5132139812447
2018,Non-Hispanic Black,<28 weeks,40 and over,324,115,354.9382716049383
2018,Non-Hispanic Black,28-31 weeks,Under 20,688,26,37.7906976744186
2018,Non-Hispanic Black,28-31 weeks,20-24,2360,133,56.35593220338983
2018,Non-Hispanic Black,28-31 weeks,25-29,2848,124,43.539325842696634
2018,Non-Hispanic Black,28-31 weeks,30-34,2224,83,37.32014388489208
2018,Non-Hispanic Black,28-31 weeks,35-39,1478,57,38.56562922868741
2018,Non-Hispanic Black,28-31 weeks,40 and over,441,21,47.61904761904761
2018,Non-Hispanic Black,32-33 weeks,Under 20,993,18,18.12688821752266
2018,Non-Hispanic Black,32-33 weeks,20-24,3008,59,19.61436170212766
2018,Non-Hispanic Black,32-33 weeks,25-29,3576,57,15.939597315436243
2018,Non-Hispanic Black,32-33 weeks,30-34,2775,48,17.2972972972973
2018,Non-Hispanic Black,32-33 weeks,35-39,1720,25,14.534883720930232
2018,Non-Hispanic Black,32-33 weeks,40 and over,555,12,21.62162162162162
2018,Non-Hispanic Black,34-36 weeks,Under 20,4285,42,9.801633605600934
2018,Non-Hispanic Black,34-36 weeks,20-24,14525,138,9.500860585197936
2018,Non-Hispanic Black,34-36 weeks,25-29,17747,173,9.748126443906012
2018,Non-Hispanic Black,34-36 weeks,30-34,13740,96,6.986899563318778
2018,Non-Hispanic Black,34-36 weeks,35-39,8527,56,6.5673742230561745
2018,Non-Hispanic Black,34-36 weeks,40 and over,2606,28,10.744435917114352
2018,Non-Hispanic Black,37-38 weeks,Under 20,10264,53,5.163678877630553
2018,Non-Hispanic Black,37-38 weeks,20-24,38640,181,4.684265010351966
2018,Non-Hispanic Black,37-38 weeks,25-29,47699,188,3.9413824189186353
2018,Non-Hispanic Black,37-38 weeks,30-34,36136,162,4.483063980518043
2018,Non-Hispanic Black,37-38 weeks,35-39,20697,55,2.6573899598975697
2018,Non-Hispanic Black,37-38 weeks,40 and over,5879,21,3.572036060554516
2018,Non-Hispanic Black,39-41 weeks,Under 20,19122,86,4.497437506536973
2018,Non-Hispanic Black,39-41 weeks,20-24,69727,274,3.9296111979577497
2018,Non-Hispanic Black,39-41 weeks,25-29,83912,247,2.9435599199161024
2018,Non-Hispanic Black,39-41 weeks,30-34,61508,141,2.2923847304415683
2018,Non-Hispanic Black,39-41 weeks,35-39,30824,65,2.108746431352193
2018,Non-Hispanic Black,39-41 weeks,40 and over,7036,27,3.837407617964753
2018,Non-Hispanic Black,42+ weeks,Under 20,1989,7,3.519356460532931
2018,Non-Hispanic Black,42+ weeks,20-24,7037,28,3.9789683103595284
2018,Non-Hispanic Black,42+ weeks,25-29,7906,38,4.806476094105743
2018,Non-Hispanic Black,42+ weeks,30-34,5442,15,2.7563395810363835
2018,Non-Hispanic Black,42+ weeks,35-39,2597,8,3.0804774740084713
2018,Non-Hispanic Black,42+ weeks,40 and over,620,5,8.064516129032258
2018,Non-Hispanic White,<28 weeks,Under 20,490,205,418.36734693877554
2018,Non-Hispanic White,<28 weeks,20-24,1521,570,374.75345167652864
2018,Non-Hispanic White,<28 weeks,25-29,2412,976,404.6434494195688
2018,Non-Hispanic White,<28 weeks,30-34,2322,896,385.8742463393626
2018,Non-Hispanic White,<28 weeks,35-39,1278,475,371.67449139280126
2018,Non-Hispanic White,<28 weeks,40 and over,351,126,358.97435897435895
2018,Non-Hispanic White,28-31 weeks,Under 20,726,35,48.209366391184574
2018,Non-Hispanic White,28-31 weeks,20-24,2687,155,57.68515072571641
2018,Non-Hispanic White,28-31 weeks,25-29,4385,187,42.64538198403649
2018,Non-Hispanic White,28-31 weeks,30-34,4659,168,36.0592401802962
2018,Non-Hispanic White,28-31 weeks,35-39,2616,113,43.19571865443425
2018,Non-Hispanic White,28-31 weeks,40 and over,768,39,50.78125
2018,Non-Hispanic White,32-33 weeks,Under 20,1030,25,24.271844660194173
2018,Non-Hispanic White,32-33 weeks,20-24,4078,96,23.54095144678764
2018,Non-Hispanic White,32-33 weeks,25-29,6569,105,15.98416806210991
2018,Non-Hispanic White,32-33 weeks,30-34,7375,109,14.779661016949154
2018,Non-Hispanic White,32-33 weeks,35-39,4218,53,12.565196775723093
2018,Non-Hispanic White,32-33 weeks,40 and over,1074,20,18.6219739292365
2018,Non-Hispanic White,34-36 weeks,Under 20,5478,55,10.040160642570282
2018,Non-Hispanic White,34-36 weeks,20-24,24657,233,9.449649186843493
2018,Non-Hispanic White,34-36 weeks,25-29,40677,308,7.571846498020994
2018,Non-Hispanic White,34-36 weeks,30-34,44372,257,5.791940863607681
2018,Non-Hispanic White,34-36 weeks,35-39,25654,170,6.626646916660169
2018,Non-Hispanic White,34-36 weeks,40 and over,6441,41,6.365471200124205
2018,Non-Hispanic White,37-38 weeks,Under 20,15333,80,5.21750472836366
2018,Non-Hispanic White,37-38 weeks,20-24,76882,295,3.83704898415754
2018,Non-Hispanic White,37-38 weeks,25-29,134597,435,3.231869952524945
2018,Non-Hispanic White,37-38 weeks,30-34,148122,318,2.146878924130109
2018,Non-Hispanic White,37-38 weeks,35-39,79518,181,2.276214190497749
2018,Non-Hispanic White,37-38 weeks,40 and over,17879,47,2.628782370378657
2018,Non-Hispanic White,39-41 weeks,Under 20,36715,124,3.3773661991011847
2018,Non-Hispanic White,39-41 weeks,20-24,192763,510,2.6457359555516358
2018,Non-Hispanic White,39-41 weeks,25-29,353750,564,1.5943462897526501
2018,Non-Hispanic White,39-41 weeks,30-34,386748,389,1.00582291311138
2018,Non-Hispanic White,39-41 weeks,35-39,178231,200,1.1221392462590682
2018,Non-Hispanic White,39-41 weeks,40 and over,30968,44,1.4208214931542238
2018,Non-Hispanic White,42+ weeks,Under 20,5073,21,4.139562389118865
2018,Non-Hispanic White,42+ weeks,20-24,22564,82,3.6341074277610352
2018,Non-Hispanic White,42+ weeks,25-29,32384,66,2.0380434782608696
2018,Non-Hispanic White,42+ weeks,30-34,28553,55,1.9262424263650055
2018,Non-Hispanic White,42+ weeks,35-39,11617,21,1.8076956184901436
2018,Non-Hispanic White,42+ weeks,40 and over,2059,6,2.9140359397765905
2019,Non-Hispanic Black,<28 weeks,Under 20,521,190,364.68330134357007
2019,Non-Hispanic Black,<28 weeks,20-24,1872,641,342.4145299145299
2019,Non-Hispanic Black,<28 weeks,25-29,2343,852,363.6363636363636
2019,Non-Hispanic Black,<28 weeks,30-34,2057,743,361.2056392805056
2019,Non-Hispanic Black,<28 weeks,35-39,1118,385,344.3649373881932
2019,Non-Hispanic Black,<28 weeks,40 and over,345,122,353.6231884057971
2019,Non-Hispanic Black,28-31 weeks,Under 20,726,37,50.964187327823694
2019,Non-Hispanic Black,28-31 weeks,20-24,2210,100,45.24886877828054
2019,Non-Hispanic Black,28-31 weeks,25-29,2829,114,40.296924708377524
2019,Non-Hispanic Black,28-31 weeks,30-34,2506,93,37.11093375897845
2019,Non-Hispanic Black,28-31 weeks,35-39,1453,50,34.41156228492773
2019,Non-Hispanic Black,28-31 weeks,40 and over,448,19,42.410714285714285
2019,Non-Hispanic Black,32-33 weeks,Under 20,959,18,18.769551616266945
2019,Non-Hispanic Black,32-33 weeks,20-24,2848,43,15.098314606741573
2019,Non-Hispanic Black,32-33 weeks,25-29,3567,75,21.026072329688816
2019,Non-Hispanic Black,32-33 weeks,30-34,2934,40,13.6332651670075
2019,Non-Hispanic Black,32-33 weeks,35-39,1833,24,13.093289689034371
2019,Non-Hispanic Black,32-33 weeks,40 and over,633,9,14.218009478672984
2019,Non-Hispanic Black,34-36 weeks,Under 20,4160,51,12.259615384615385
2019,Non-Hispanic Black,34-36 weeks,20-24,14180,146,10.296191819464035
2019,Non-Hispanic Black,34-36 weeks,25-29,18135,154,8.491866556382686
2019,Non-Hispanic Black,34-36 weeks,30-34,14478,108,7.459593866556155
2019,Non-Hispanic Black,34-36 weeks,35-39,8952,53,5.920464700625558
2019,Non-Hispanic Black,34-36 weeks,40 and over,2622,30,11.441647597254004
2019,Non-Hispanic Black,37-38 weeks,Under 20,10317,58,5.621789279829407
2019,Non-Hispanic Black,37-38 weeks,20-24,37584,211,5.614091102596849
2019,Non-Hispanic Black,37-38 weeks,25-29,48148,181,3.759242336130265
2019,Non-Hispanic Black,37-38 weeks,30-34,37326,138,3.6971547982639446
2019,Non-Hispanic Black,37-38 weeks,35-39,21410,78,3.6431574030826717
2019,Non-Hispanic Black,37-38 weeks,40 and over,6139,20,3.2578595862518323
2019,Non-Hispanic Black,39-41 weeks,Under 20,18306,67,3.6600021850759314
2019,Non-Hispanic Black,39-41 weeks,20-24,66495,250,3.7596811790360176
2019,Non-Hispanic Black,39-41 weeks,25-29,82064,252,3.070774030025346
2019,Non-Hispanic Black,39-41 weeks,30-34,61100,140,2.2913256955810146
2019,Non-Hispanic Black,39-41 weeks,35-39,30699,66,2.1499071630997753
2019,Non-Hispanic Black,39-41 weeks,40 and over,7135,26,3.644008409250175
2019,Non-Hispanic Black,42+ weeks,Under 20,1937,12,6.19514713474445
2019,Non-Hispanic Black,42+ weeks,20-24,6660,32,4.804804804804805
2019,Non-Hispanic Black,42+ weeks,25-29,7726,30,3.8829924928811805
2019,Non-Hispanic Black,42+ weeks,30-34,5419,15,2.768038383465584
2019,Non-Hispanic Black,42+ weeks,35-39,2482,9,3.6261079774375506
2019,Non-Hispanic Black,42+ weeks,40 and over,626,3,4.792332268370607
2019,Non-Hispanic White,<28 weeks,Under 20,402,150,373.13432835820896
2019,Non-Hispanic White,<28 weeks,20-24,1473,568,385.60760353021044
2019,Non-Hispanic White,<28 weeks,25-29,2332,888,380.78902229845625
2019,Non-Hispanic White,<28 weeks,30-34,2359,892,378.12632471386183
2019,Non-Hispanic White,<28 weeks,35-39,1398,477,341.20171673819743
2019,Non-Hispanic White,<28 weeks,40 and over,321,113,352.02492211838006
2019,Non-Hispanic White,28-31 weeks,Under 20,680,43,63.23529411764706
2019,Non-Hispanic White,28-31 weeks,20-24,2750,128,46.54545454545454
2019,Non-Hispanic White,28-31 weeks,25-29,4201,186,44.275172577957626
2019,Non-Hispanic White,28-31 weeks,30-34,4630,178,38.44492440604751
2019,Non-Hispanic White,28-31 weeks,35-39,2730,117,42.857142857142854
2019,Non-Hispanic White,28-31 weeks,40 and over,697,24,34.43328550932568
2019,Non-Hispanic White,32-33 weeks,Under 20,980,24,24.489795918367346
2019,Non-Hispanic White,32-33 weeks,20-24,3928,63,16.03869653767821
2019,Non-Hispanic White,32-33 weeks,25-29,6472,105,16.22373300370828
2019,Non-Hispanic White,32-33 weeks,30-34,7197,105,14.589412255106295
2019,Non-Hispanic White,32-33 weeks,35-39,4285,48,11.201866977829638
2019,Non-Hispanic White,32-33 weeks,40 and over,1094,18,16.453382084095065
2019,Non-Hispanic White,34-36 weeks,Under 20,5194,55,10.58914131690412
2019,Non-Hispanic White,34-36 weeks,20-24,24158,220,9.106714131964566
2019,Non-Hispanic White,34-36 weeks,25-29,40239,293,7.281493078853848
2019,Non-Hispanic White,34-36 weeks,30-34,45981,254,5.524020791196364
2019,Non-Hispanic White,34-36 weeks,35-39,26722,156,5.83788638574957
2019,Non-Hispanic White,34-36 weeks,40 and over,6670,43,6.446776611694153
2019,Non-Hispanic White,37-38 weeks,Under 20,14469,80,5.529062132835717
2019,Non-Hispanic White,37-38 weeks,20-24,75848,321,4.232148507541399
2019,Non-Hispanic White,37-38 weeks,25-29,134553,403,2.9951023016952427
2019,Non-Hispanic White,37-38 weeks,30-34,151320,308,2.0354216230504893
2019,Non-Hispanic White,37-38 weeks,35-39,81974,181,2.2080171761778122
2019,Non-Hispanic White,37-38 weeks,40 and over,18650,50,2.680965147453083
2019,Non-Hispanic White,39-41 weeks,Under 20,34226,115,3.3600186992345
2019,Non-Hispanic White,39-41 weeks,20-24,182690,466,2.550769062346051
2019,Non-Hispanic White,39-41 weeks,25-29,335994,496,1.4762168372054263
2019,Non-Hispanic White,39-41 weeks,30-34,376998,363,0.9628698295481674
2019,Non-Hispanic White,39-41 weeks,35-39,176133,201,1.1411830832382348
2019,Non-Hispanic White,39-41 weeks,40 and over,31388,45,1.4336689180578563
2019,Non-Hispanic White,42+ weeks,Under 20,4553,22,4.831978915001098
2019,Non-Hispanic White,42+ weeks,20-24,21038,62,2.9470481984979564
2019,Non-Hispanic White,42+ weeks,25-29,30707,61,1.9865177321131988
2019,Non-Hispanic White,42+ weeks,30-34,27674,42,1.5176700151767002
2019,Non-Hispanic White,42+ weeks,35-39,11546,23,1.9920318725099602
2019,Non-Hispanic White,42+ weeks,40 and over,2181,7,3.2095369096744615
2020,Non-Hispanic Black,<28 weeks,Under 20,503,174,345.92445328031806
2020,Non-Hispanic Black,<28 weeks,20-24,1622,581,358.19975339087546
2020,Non-Hispanic Black,<28 weeks,25-29,2192,778,354.9270072992701
2020,Non-Hispanic Black,<28 weeks,30-34,1928,696,360.99585062240664
2020,Non-Hispanic Black,<28 weeks,35-39,1111,353,317.73177317731773
2020,Non-Hispanic Black,<28 weeks,40 and over,311,99,318.3279742765273
2020,Non-Hispanic Black,28-31 weeks,Under 20,626,35,55.91054313099041
2020,Non-Hispanic Black,28-31 weeks,20-24,2030,93,45.8128078817734
2020,Non-Hispanic Black,28-31 weeks,25-29,2519,110,43.66812227074236
2020,Non-Hispanic Black,28-31 weeks,30-34,2362,78,33.02286198137172
2020,Non-Hispanic Black,28-31 weeks,35-39,1364,51,37.3900293255132
2020,Non-Hispanic Black,28-31 weeks,40 and over,448,21,46.875
2020,Non-Hispanic Black,32-33 weeks,Under 20,841,16,19.024970273483945
2020,Non-Hispanic Black,32-33 weeks,20-24,2655,60,22.598870056497177
2020,Non-Hispanic Black,32-33 weeks,25-29,3402,45,13.227513227513226
2020,Non-Hispanic Black,32-33 weeks,30-34,3028,44,14.531043593130779
2020,Non-Hispanic Black,32-33 weeks,35-39,1738,23,13.233601841196778
2020,Non-Hispanic Black,32-33 weeks,40 and over,574,11,19.16376306620209
2020,Non-Hispanic Black,34-36 weeks,Under 20,3789,37,9.765109527579837
2020,Non-Hispanic Black,34-36 weeks,20-24,13235,139,10.502455610124668
2020,Non-Hispanic Black,34-36 weeks,25-29,17032,154,9.041803663691873
2020,Non-Hispanic Black,34-36 weeks,30-34,14637,95,6.490401038464166
2020,Non-Hispanic Black,34-36 weeks,35-39,8801,59,6.703783660947619
2020,Non-Hispanic Black,34-36 weeks,40 and over,2860,17,5.944055944055944
2020,Non-Hispanic Black,37-38 weeks,Under 20,9565,62,6.481965499215891
2020,Non-Hispanic Black,37-38 weeks,20-24,35701,198,5.546063135486401
2020,Non-Hispanic Black,37-38 weeks,25-29,46279,221,4.775384083493593
2020,Non-Hispanic Black,37-38 weeks,30-34,37980,143,3.7651395471300684
2020,Non-Hispanic Black,37-38 weeks,35-39,22015,60,2.7254144901203725
2020,Non-Hispanic Black,37-38 weeks,40 and over,6391,39,6.102331403536223
2020,Non-Hispanic Black,39-41 weeks,Under 20,17316,90,5.197505197505198
2020,Non-Hispanic Black,39-41 weeks,20-24,62725,233,3.714627341570347
2020,Non-Hispanic Black,39-41 weeks,25-29,77120,234,3.034232365145228
2020,Non-Hispanic Black,39-41 weeks,30-34,60872,145,2.3820475752398473
2020,Non-Hispanic Black,39-41 weeks,35-39,30222,68,2.250016544239296
2020,Non-Hispanic Black,39-41 weeks,40 and over,7270,20,2.751031636863824
2020,Non-Hispanic Black,42+ weeks,Under 20,1760,12,6.8181818181818175
2020,Non-Hispanic Black,42+ weeks,20-24,6256,26,4.156010230179029
2020,Non-Hispanic Black,42+ weeks,25-29,7331,37,5.047060428318101
2020,Non-Hispanic Black,42+ weeks,30-34,5437,17,3.1267242964870334
2020,Non-Hispanic Black,42+ weeks,35-39,2533,9,3.5530990919857874
2020,Non-Hispanic Black,42+ weeks,40 and over,655,4,6.106870229007633
2020,Non-Hispanic White,<28 weeks,Under 20,371,142,382.7493261455526
2020,Non-Hispanic White,<28 weeks,20-24,1334,529,396.55172413793105
2020,Non-Hispanic White,<28 weeks,25-29,2090,747,357.4162679425837
2020,Non-Hispanic White,<28 weeks,30-34,2318,865,373.16652286453836
2020,Non-Hispanic White,<28 weeks,35-39,1277,446,349.25606891151136
2020,Non-Hispanic White,<28 weeks,40 and over,352,113,321.0227272727273
2020,Non-Hispanic White,28-31 weeks,Under 20,573,32,55.846422338568935
2020,Non-Hispanic White,28-31 weeks,20-24,2411,103,42.7208627125674
2020,Non-Hispanic White,28-31 weeks,25-29,3847,188,48.86924876527164
2020,Non-Hispanic White,28-31 weeks,30-34,4461,175,39.22887245012329
2020,Non-Hispanic White,28-31 weeks,35-39,2576,115,44.642857142857146
2020,Non-Hispanic White,28-31 weeks,40 and over,667,36,53.973013493253376
2020,Non-Hispanic White,32-33 weeks,Under 20,831,20,24.067388688327316
2020,Non-Hispanic White,32-33 weeks,20-24,3685,71,19.267299864314786
2020,Non-Hispanic White,32-33 weeks,25-29,5899,111,18.816748601457874
2020,Non-Hispanic White,32-33 weeks,30-34,6953,104,14.957572270962174
2020,Non-Hispanic White,32-33 weeks,35-39,3988,52,13.039117352056168
2020,Non-Hispanic White,32-33 weeks,40 and over,1054,19,18.026565464895636
2020,Non-Hispanic White,34-36 weeks,Under 20,4532,38,8.384819064430713
2020,Non-Hispanic White,34-36 weeks,20-24,22229,174,7.82761257816366
2020,Non-Hispanic White,34-36 weeks,25-29,37737,257,6.810292286085274
2020,Non-Hispanic White,34-36 weeks,30-34,44418,245,5.515781890224684
2020,Non-Hispanic White,34-36 weeks,35-39,25608,154,6.013745704467354
2020,Non-Hispanic White,34-36 weeks,40 and over,6667,50,7.499625018749063
2020,Non-Hispanic White,37-38 weeks,Under 20,13141,74,5.631230499961951
2020,Non-Hispanic White,37-38 weeks,20-24,71399,288,4.033669939354892
2020,Non-Hispanic White,37-38 weeks,25-29,128170,348,2.715143949442147
2020,Non-Hispanic White,37-38 weeks,30-34,149460,345,2.3083099156965075
2020,Non-Hispanic White,37-38 weeks,35-39,81068,188,2.3190408052499136
2020,Non-Hispanic White,37-38 weeks,40 and over,18647,56,3.0031640478361132
2020,Non-Hispanic White,39-41 weeks,Under 20,31052,116,3.7356692000515266
2020,Non-Hispanic White,39-41 weeks,20-24,171935,382,2.2217698548870213
2020,Non-Hispanic White,39-41 weeks,25-29,318350,512,1.6082927595413852
2020,Non-Hispanic White,39-41 weeks,30-34,368906,374,1.0138083956346604
2020,Non-Hispanic White,39-41 weeks,35-39,174795,190,1.0869876140621872
2020,Non-Hispanic White,39-41 weeks,40 and over,31133,47,1.5096521376031862
2020,Non-Hispanic White,42+ weeks,Under 20,4021,18,4.476498383486694
2020,Non-Hispanic White,42+ weeks,20-24,19594,66,3.3683780749208942
2020,Non-Hispanic White,42+ weeks,25-29,28681,54,1.882779540462327
2020,Non-Hispanic White,42+ weeks,30-34,26967,48,1.7799532762264991
2020,Non-Hispanic White,42+ weeks,35-39,11382,21,1.8450184501845017
2020,Non-Hispanic White,42+ weeks,40 and over,2247,9,4.005340453938585
2021,Non-Hispanic Black,<28 weeks,Under 20,445,158,355.0561797752809
2021,Non-Hispanic Black,<28 weeks,20-24,1569,588,374.76099426386236
2021,Non-Hispanic Black,<28 weeks,25-29,1988,679,341.5492957746479
2021,Non-Hispanic Black,<28 weeks,30-34,1927,613,318.11105345096
2021,Non-Hispanic Black,<28 weeks,35-39,1118,352,314.84794275491953
2021,Non-Hispanic Black,<28 weeks,40 and over,363,90,247.93388429752068
2021,Non-Hispanic Black,28-31 weeks,Under 20,562,26,46.263345195729535
2021,Non-Hispanic Black,28-31 weeks,20-24,1978,100,50.55611729019211
2021,Non-Hispanic Black,28-31 weeks,25-29,2467,111,44.9939197405756
2021,Non-Hispanic Black,28-31 weeks,30-34,2486,91,36.604987932421565
2021,Non-Hispanic Black,28-31 weeks,35-39,1542,68,44.09857328145266
2021,Non-Hispanic Black,28-31 weeks,40 and over,488,15,30.737704918032787
2021,Non-Hispanic Black,32-33 weeks,Under 20,773,18,23.28589909443726
2021,Non-Hispanic Black,32-33 weeks,20-24,2534,48,18.942383583267564
2021,Non-Hispanic Black,32-33 weeks,25-29,3158,55,17.41608613046232
2021,Non-Hispanic Black,32-33 weeks,30-34,3065,45,14.68189233278956
2021,Non-Hispanic Black,32-33 weeks,35-39,1895,32,16.886543535620053
2021,Non-Hispanic Black,32-33 weeks,40 and over,634,13,20.50473186119874
2021,Non-Hispanic Black,34-36 weeks,Under 20,3486,38,10.900745840504877
2021,Non-Hispanic Black,34-36 weeks,20-24,12454,129,10.358117873775493
2021,Non-Hispanic Black,34-36 weeks,25-29,16320,164,10.049019607843139
2021,Non-Hispanic Black,34-36 weeks,30-34,15364,110,7.159593855766727
2021,Non-Hispanic Black,34-36 weeks,35-39,9347,74,7.916978709746442
2021,Non-Hispanic Black,34-36 weeks,40 and over,2983,30,10.056989607777405
2021,Non-Hispanic Black,37-38 weeks,Under 20,9223,63,6.830749213921718
2021,Non-Hispanic Black,37-38 weeks,20-24,34407,204,5.9290260702763975
2021,Non-Hispanic Black,37-38 weeks,25-29,44079,205,4.650740715533474
2021,Non-Hispanic Black,37-38 weeks,30-34,40339,149,3.6936959270185183
2021,Non-Hispanic Black,37-38 weeks,35-39,23044,85,3.688595729908002
2021,Non-Hispanic Black,37-38 weeks,40 and over,6895,36,5.221174764321972
2021,Non-Hispanic Black,39-41 weeks,Under 20,15337,94,6.128969159548803
2021,Non-Hispanic Black,39-41 weeks,20-24,58231,255,4.3791107829163165
2021,Non-Hispanic Black,39-41 weeks,25-29,72584,227,3.127410999669349
2021,Non-Hispanic Black,39-41 weeks,30-34,61466,153,2.4891810106400287
2021,Non-Hispanic Black,39-41 weeks,35-39,30285,59,1.9481591546970447
2021,Non-Hispanic Black,39-41 weeks,40 and over,7153,23,3.215434083601286
2021,Non-Hispanic Black,42+ weeks,Under 20,1709,5,2.925687536571094
2021,Non-Hispanic Black,42+ weeks,20-24,6020,35,5.813953488372093
2021,Non-Hispanic Black,42+ weeks,25-29,7098,19,2.6768103691180616
2021,Non-Hispanic Black,42+ weeks,30-34,5591,26,4.650330888928635
2021,Non-Hispanic Black,42+ weeks,35-39,2520,6,2.3809523809523814
2021,Non-Hispanic Black,42+ weeks,40 and over,671,4,5.961251862891207
2021,Non-Hispanic White,<28 weeks,Under 20,377,136,360.7427055702918
2021,Non-Hispanic White,<28 weeks,20-24,1395,504,361.2903225806451
2021,Non-Hispanic White,<28 weeks,25-29,2121,728,343.2343234323432
2021,Non-Hispanic White,<28 weeks,30-34,2450,842,343.6734693877551
2021,Non-Hispanic White,<28 weeks,35-39,1383,437,315.97975415762835
2021,Non-Hispanic White,<28 weeks,40 and over,344,107,311.04651162790697
2021,Non-Hispanic White,28-31 weeks,Under 20,526,30,57.034220532319395
2021,Non-Hispanic White,28-31 weeks,20-24,2568,127,49.454828660436135
2021,Non-Hispanic White,28-31 weeks,25-29,4022,189,46.99154649428145
2021,Non-Hispanic White,28-31 weeks,30-34,4703,180,38.27344248352116
2021,Non-Hispanic White,28-31 weeks,35-39,2788,82,29.41176470588235
2021,Non-Hispanic White,28-31 weeks,40 and over,784,36,45.91836734693878
2021,Non-Hispanic White,32-33 weeks,Under 20,795,15,18.867924528301884
2021,Non-Hispanic White,32-33 weeks,20-24,3651,82,22.459600109559023
2021,Non-Hispanic White,32-33 weeks,25-29,6171,104,16.853022200615783
2021,Non-Hispanic White,32-33 weeks,30-34,7553,92,12.180590493843505
2021,Non-Hispanic White,32-33 weeks,35-39,4575,64,13.989071038251366
2021,Non-Hispanic White,32-33 weeks,40 and over,1195,14,11.715481171548118
2021,Non-Hispanic White,34-36 weeks,Under 20,4445,47,10.573678290213724
2021,Non-Hispanic White,34-36 weeks,20-24,22353,206,9.21576522167047
2021,Non-Hispanic White,34-36 weeks,25-29,39341,272,6.913906611423196
2021,Non-Hispanic White,34-36 weeks,30-34,47544,289,6.0785798418307255
2021,Non-Hispanic White,34-36 weeks,35-39,28488,183,6.423757371524853
2021,Non-Hispanic White,34-36 weeks,40 and over,7208,43,5.965593784683685
2021,Non-Hispanic White,37-38 weeks,Under 20,12742,92,7.220216606498195
2021,Non-Hispanic White,37-38 weeks,20-24,72660,309,4.252683732452519
2021,Non-Hispanic White,37-38 weeks,25-29,134328,363,2.702340539574772
2021,Non-Hispanic White,37-38 weeks,30-34,162181,349,2.1519166856783474
2021,Non-Hispanic White,37-38 weeks,35-39,89481,195,2.1792335803131393
2021,Non-Hispanic White,37-38 weeks,40 and over,20249,54,2.66679836041286
2021,Non-Hispanic White,39-41 weeks,Under 20,27834,120,4.311273981461523
2021,Non-Hispanic White,39-41 weeks,20-24,163605,390,2.3837902264600714
2021,Non-Hispanic White,39-41 weeks,25-29,316164,482,1.5245252463911136
2021,Non-Hispanic White,39-41 weeks,30-34,380090,378,0.994501302323134
2021,Non-Hispanic White,39-41 weeks,35-39,181745,203,1.1169495722028118
2021,Non-Hispanic White,39-41 weeks,40 and over,32424,52,1.6037503084135207
2021,Non-Hispanic White,42+ weeks,Under 20,3638,20,5.497526113249037
2021,Non-Hispanic White,42+ weeks,20-24,18810,57,3.0303030303030303
2021,Non-Hispanic White,42+ weeks,25-29,28091,63,2.24271118863693
2021,Non-Hispanic White,42+ weeks,30-34,26858,42,1.5637798793655522
2021,Non-Hispanic White,42+ weeks,35-39,11537,24,2.0802635000433387
2021,Non-Hispanic White,42+ weeks,40 and over,2211,7,3.165988240615106
2022,Non-Hispanic Black,<28 weeks,Under 20,443,170,383.7471783295711
2022,Non-Hispanic Black,<28 weeks,20-24,1451,548,377.670572019297
2022,Non-Hispanic Black,<28 weeks,25-29,1938,696,359.1331269349845
2022,Non-Hispanic Black,<28 weeks,30-34,1978,608,307.38119312436805
2022,Non-Hispanic Black,<28 weeks,35-39,1204,392,325.58139534883725
2022,Non-Hispanic Black,<28 weeks,40 and over,362,95,262.43093922651934
2022,Non-Hispanic Black,28-31 weeks,Under 20,555,24,43.24324324324324
2022,Non-Hispanic Black,28-31 weeks,20-24,1754,105,59.863169897377425
2022,Non-Hispanic Black,28-31 weeks,25-29,2296,114,49.65156794425087
2022,Non-Hispanic Black,28-31 weeks,30-34,2317,85,36.685369011653
2022,Non-Hispanic Black,28-31 weeks,35-39,1539,61,39.6361273554256
2022,Non-Hispanic Black,28-31 weeks,40 and over,532,20,37.59398496240601
2022,Non-Hispanic Black,32-33 weeks,Under 20,745,16,21.47651006711409
2022,Non-Hispanic Black,32-33 weeks,20-24,2347,49,20.87771623348956
2022,Non-Hispanic Black,32-33 weeks,25-29,3031,47,15.506433520290333
2022,Non-Hispanic Black,32-33 weeks,30-34,3055,52,17.02127659574468
2022,Non-Hispanic Black,32-33 weeks,35-39,1887,38,20.1377848436672
2022,Non-Hispanic Black,32-33 weeks,40 and over,702,11,15.66951566951567
2022,Non-Hispanic Black,34-36 weeks,Under 20,3240,44,13.580246913580247
2022,Non-Hispanic Black,34-36 weeks,20-24,11444,139,12.146102761272282
2022,Non-Hispanic Black,34-36 weeks,25-29,15242,140,9.185146306259021
2022,Non-Hispanic Black,34-36 weeks,30-34,15408,133,8.631879543094497
2022,Non-Hispanic Black,34-36 weeks,35-39,9623,81,8.417333471890263
2022,Non-Hispanic Black,34-36 weeks,40 and over,3324,33,9.927797833935019
2022,Non-Hispanic Black,37-38 weeks,Under 20,8632,56,6.487488415199258
2022,Non-Hispanic Black,37-38 weeks,20-24,32724,228,6.967363403006967
2022,Non-Hispanic Black,37-38 weeks,25-29,42491,231,5.436445364900802
2022,Non-Hispanic Black,37-38 weeks,30-34,41043,162,3.9470798918207737
2022,Non-Hispanic Black,37-38 weeks,35-39,24258,81,3.339104625278259
2022,Non-Hispanic Black,37-38 weeks,40 and over,7439,33,4.43608011829547
2022,Non-Hispanic Black,39-41 weeks,Under 20,14063,93,6.613098200952854
2022,Non-Hispanic Black,39-41 weeks,20-24,54297,215,3.9597031143525423
2022,Non-Hispanic Black,39-41 weeks,25-29,69198,226,3.2659903465418076
2022,Non-Hispanic Black,39-41 weeks,30-34,63169,175,2.7703462141240167
2022,Non-Hispanic Black,39-41 weeks,35-39,31842,80,2.512404999685949
2022,Non-Hispanic Black,39-41 weeks,40 and over,7947,32,4.026676733358499
2022,Non-Hispanic Black,42+ weeks,Under 20,1761,6,3.4071550255536627
2022,Non-Hispanic Black,42+ weeks,20-24,6310,33,5.229793977812996
2022,Non-Hispanic Black,42+ weeks,25-29,7413,29,3.912046404964252
2022,Non-Hispanic Black,42+ weeks,30-34,6360,18,2.830188679245283
2022,Non-Hispanic Black,42+ weeks,35-39,2921,12,4.108182129407737
2022,Non-Hispanic Black,42+ weeks,40 and over,789,5,6.337135614702154
2022,Non-Hispanic White,<28 weeks,Under 20,356,139,390.4494382022472
2022,Non-Hispanic White,<28 weeks,20-24,1365,548,401.46520146520146
2022,Non-Hispanic White,<28 weeks,25-29,2018,711,352.3290386521308
2022,Non-Hispanic White,<28 weeks,30-34,2314,794,343.1287813310285
2022,Non-Hispanic White,<28 weeks,35-39,1249,405,324.2594075260208
2022,Non-Hispanic White,<28 weeks,40 and over,393,135,343.5114503816794
2022,Non-Hispanic White,28-31 weeks,Under 20,589,37,62.81833616298811
2022,Non-Hispanic White,28-31 weeks,20-24,2415,110,45.54865424430642
2022,Non-Hispanic White,28-31 weeks,25-29,3860,186,48.18652849740933
2022,Non-Hispanic White,28-31 weeks,30-34,4640,196,42.241379310344826
2022,Non-Hispanic White,28-31 weeks,35-39,2703,111,41.06548279689235
2022,Non-Hispanic White,28-31 weeks,40 and over,786,30,38.16793893129771
2022,Non-Hispanic White,32-33 weeks,Under 20,792,16,20.202020202020204
2022,Non-Hispanic White,32-33 weeks,20-24,3635,70,19.257221458046768
2022,Non-Hispanic White,32-33 weeks,25-29,6005,114,18.984179850124896
2022,Non-Hispanic White,32-33 weeks,30-34,7229,96,13.2798450684742
2022,Non-Hispanic White,32-33 weeks,35-39,4424,68,15.370705244122965
2022,Non-Hispanic White,32-33 weeks,40 and over,1204,23,19.102990033222593
2022,Non-Hispanic White,34-36 weeks,Under 20,4180,57,13.636363636363635
2022,Non-Hispanic White,34-36 weeks,20-24,21106,202,9.570738178716953
2022,Non-Hispanic White,34-36 weeks,25-29,38037,263,6.914320267108343
2022,Non-Hispanic White,34-36 weeks,30-34,46706,281,6.016357641416521
2022,Non-Hispanic White,34-36 weeks,35-39,27796,152,5.468412721254857
2022,Non-Hispanic White,34-36 weeks,40 and over,7317,47,6.4233975673090065
2022,Non-Hispanic White,37-38 weeks,Under 20,12162,101,8.304555171846737
2022,Non-Hispanic White,37-38 weeks,20-24,70360,314,4.462762933484934
2022,Non-Hispanic White,37-38 weeks,25-29,131276,378,2.8794295987080654
2022,Non-Hispanic White,37-38 weeks,30-34,159415,377,2.364896653388953
2022,Non-Hispanic White,37-38 weeks,35-39,89382,185,2.0697679622295317
2022,Non-Hispanic White,37-38 weeks,40 and over,20743,52,2.5068697873981587
2022,Non-Hispanic White,39-41 weeks,Under 20,26346,128,4.8584225309344875
2022,Non-Hispanic White,39-41 weeks,20-24,156689,441,2.814492402146928
2022,Non-Hispanic White,39-41 weeks,25-29,303624,448,1.4755091824098228
2022,Non-Hispanic White,39-41 weeks,30-34,365734,421,1.1511098229861045
2022,Non-Hispanic White,39-41 weeks,35-39,179829,175,0.9731467115982405
2022,Non-Hispanic White,39-41 weeks,40 and over,33656,49,1.4559068219633944
2022,Non-Hispanic White,42+ weeks,Under 20,3768,23,6.104033970276009
2022,Non-Hispanic White,42+ weeks,20-24,19461,63,3.237243718205642
2022,Non-Hispanic White,42+ weeks,25-29,28769,48,1.6684625812506517
2022,Non-Hispanic White,42+ weeks,30-34,27834,50,1.796364158942301
2022,Non-Hispanic White,42+ weeks,35-39,12259,28,2.2840362182886045
2022,Non-Hispanic White,42+ weeks,40 and over,2505,13,5.189620758483034
2023,Non-Hispanic Black,<28 weeks,Under 20,436,186,426.60550458715596
2023,Non-Hispanic Black,<28 weeks,20-24,1381,505,365.6770456191166
2023,Non-Hispanic Black,<28 weeks,25-29,1734,614,354.0945790080738
2023,Non-Hispanic Black,<28 weeks,30-34,1851,627,338.7358184764992
2023,Non-Hispanic Black,<28 weeks,35-39,1160,357,307.7586206896552
2023,Non-Hispanic Black,<28 weeks,40 and over,382,112,293.1937172774869
2023,Non-Hispanic Black,28-31 weeks,Under 20,548,27,49.27007299270073
2023,Non-Hispanic Black,28-31 weeks,20-24,1691,95,56.17977528089887
2023,Non-Hispanic Black,28-31 weeks,25-29,2201,89,40.436165379373016
2023,Non-Hispanic Black,28-31 weeks,30-34,2346,107,45.609548167092925
2023,Non-Hispanic Black,28-31 weeks,35-39,1519,61,40.1579986833443
2023,Non-Hispanic Black,28-31 weeks,40 and over,552,28,50.72463768115942
2023,Non-Hispanic Black,32-33 weeks,Under 20,729,14,19.204389574759947
2023,Non-Hispanic Black,32-33 weeks,20-24,2116,55,25.99243856332703
2023,Non-Hispanic Black,32-33 weeks,25-29,2921,45,15.405682985279013
2023,Non-Hispanic Black,32-33 weeks,30-34,3026,41,13.549239920687377
2023,Non-Hispanic Black,32-33 weeks,35-39,2014,32,15.888778550148956
2023,Non-Hispanic Black,32-33 weeks,40 and over,738,18,24.390243902439025
2023,Non-Hispanic Black,34-36 weeks,Under 20,3176,42,13.224181360201511
2023,Non-Hispanic Black,34-36 weeks,20-24,10718,160,14.928158238477328
2023,Non-Hispanic Black,34-36 weeks,25-29,14093,129,9.153480451287873
2023,Non-Hispanic Black,34-36 weeks,30-34,15534,118,7.596240504699369
2023,Non-Hispanic Black,34-36 weeks,35-39,9835,70,7.117437722419928
2023,Non-Hispanic Black,34-36 weeks,40 and over,3353,23,6.859528780196839
2023,Non-Hispanic Black,37-38 weeks,Under 20,8598,77,8.955571063037915
2023,Non-Hispanic Black,37-38 weeks,20-24,30802,208,6.752808259203948
2023,Non-Hispanic Black,37-38 weeks,25-29,39680,187,4.712701612903226
2023,Non-Hispanic Black,37-38 weeks,30-34,41051,156,3.800151031643565
2023,Non-Hispanic Black,37-38 weeks,35-39,24801,86,3.4676021128180317
2023,Non-Hispanic Black,37-38 weeks,40 and over,7782,38,4.883063479825237
2023,Non-Hispanic Black,39-41 weeks,Under 20,13557,96,7.081212657667626
2023,Non-Hispanic Black,39-41 weeks,20-24,49930,238,4.766673342679752
2023,Non-Hispanic Black,39-41 weeks,25-29,63537,193,3.037600138501975
2023,Non-Hispanic Black,39-41 weeks,30-34,60971,158,2.5913959095307604
2023,Non-Hispanic Black,39-41 weeks,35-39,31807,68,2.137894174238375
2023,Non-Hispanic Black,39-41 weeks,40 and over,8151,25,3.067108330266225
2023,Non-Hispanic Black,42+ weeks,Under 20,1639,8,4.881025015253203
2023,Non-Hispanic Black,42+ weeks,20-24,5965,21,3.520536462699078
2023,Non-Hispanic Black,42+ weeks,25-29,6982,35,5.012890289315382
2023,Non-Hispanic Black,42+ weeks,30-34,6202,23,3.708481135117704
2023,Non-Hispanic Black,42+ weeks,35-39,3060,12,3.9215686274509802
2023,Non-Hispanic Black,42+ weeks,40 and over,757,3,3.963011889035667
2023,Non-Hispanic White,<28 weeks,Under 20,352,162,460.2272727272727
2023,Non-Hispanic White,<28 weeks,20-24,1279,485,379.20250195465206
2023,Non-Hispanic White,<28 weeks,25-29,2003,716,357.4638042935597
2023,Non-Hispanic White,<28 weeks,30-34,2225,761,342.02247191011236
2023,Non-Hispanic White,<28 weeks,35-39,1336,445,333.08383233532936
2023,Non-Hispanic White,<28 weeks,40 and over,363,120,330.57851239669424
2023,Non-Hispanic White,28-31 weeks,Under 20,503,24,47.713717693836976
2023,Non-Hispanic White,28-31 weeks,20-24,2133,92,43.13173933427098
2023,Non-Hispanic White,28-31 weeks,25-29,3731,164,43.956043956043956
2023,Non-Hispanic White,28-31 weeks,30-34,4512,181,40.11524822695036
2023,Non-Hispanic White,28-31 weeks,35-39,2740,101,36.86131386861314
2023,Non-Hispanic White,28-31 weeks,40 and over,770,37,48.05194805194805
2023,Non-Hispanic White,32-33 weeks,Under 20,772,25,32.383419689119165
2023,Non-Hispanic White,32-33 weeks,20-24,3331,59,17.712398679075353
2023,Non-Hispanic White,32-33 weeks,25-29,5717,90,15.742522301906595
2023,Non-Hispanic White,32-33 weeks,30-34,6978,106,15.190599025508742
2023,Non-Hispanic White,32-33 weeks,35-39,4339,67,15.441345932242452
2023,Non-Hispanic White,32-33 weeks,40 and over,1264,27,21.360759493670887
2023,Non-Hispanic White,34-36 weeks,Under 20,3981,46,11.554885707108767
2023,Non-Hispanic White,34-36 weeks,20-24,20342,215,10.56926555894209
2023,Non-Hispanic White,34-36 weeks,25-29,36613,234,6.391172534345724
2023,Non-Hispanic White,34-36 weeks,30-34,44958,277,6.16130610792295
2023,Non-Hispanic White,34-36 weeks,35-39,27657,177,6.399826445384532
2023,Non-Hispanic White,34-36 weeks,40 and over,7478,61,8.157261299812784
2023,Non-Hispanic White,37-38 weeks,Under 20,11702,80,6.836438215689626
2023,Non-Hispanic White,37-38 weeks,20-24,68129,292,4.285986877834696
2023,Non-Hispanic White,37-38 weeks,25-29,129931,380,2.924629226281642
2023,Non-Hispanic White,37-38 weeks,30-34,155704,316,2.0294918563428044
2023,Non-Hispanic White,37-38 weeks,35-39,89085,214,2.402200145928046
2023,Non-Hispanic White,37-38 weeks,40 and over,21277,77,3.618931240306434
2023,Non-Hispanic White,39-41 weeks,Under 20,24252,121,4.989279234702292
2023,Non-Hispanic White,39-41 weeks,20-24,149079,389,2.6093547716311485
2023,Non-Hispanic White,39-41 weeks,25-29,293778,424,1.4432666843671071
2023,Non-Hispanic White,39-41 weeks,30-34,352807,392,1.111089065693141
2023,Non-Hispanic White,39-41 weeks,35-39,175836,179,1.0179940399008167
2023,Non-Hispanic White,39-41 weeks,40 and over,33313,46,1.380842313811425
2023,Non-Hispanic White,42+ weeks,Under 20,3463,26,7.507941091539127
2023,Non-Hispanic White,42+ weeks,20-24,18511,61,3.2953379071903193
2023,Non-Hispanic White,42+ weeks,25-29,27730,56,2.019473494410386
2023,Non-Hispanic White,42+ weeks,30-34,26936,47,1.744876744876745
2023,Non-Hispanic White,42+ weeks,35-39,12283,23,1.872506716600179
2023,Non-Hispanic White,42+ weeks,40 and over,2502,8,3.1974420463629096
2024,Non-Hispanic Black,<28 weeks,Under 20,387,143,369.50904392764863
2024,Non-Hispanic Black,<28 weeks,20-24,1297,491,378.56592135697764
2024,Non-Hispanic Black,<28 weeks,25-29,1634,616,376.9889840881273
2024,Non-Hispanic Black,<28 weeks,30-34,1853,618,333.51322180248246
2024,Non-Hispanic Black,<28 weeks,35-39,1106,378,341.7721518987342
2024,Non-Hispanic Black,<28 weeks,40 and over,372,118,317.2043010752688
2024,Non-Hispanic Black,28-31 weeks,Under 20,492,36,73.17073170731707
2024,Non-Hispanic Black,28-31 weeks,20-24,1518,80,52.700922266139656
2024,Non-Hispanic Black,28-31 weeks,25-29,2030,81,39.90147783251231
2024,Non-Hispanic Black,28-31 weeks,30-34,2239,85,37.96337650736936
2024,Non-Hispanic Black,28-31 weeks,35-39,1539,69,44.834307992202724
2024,Non-Hispanic Black,28-31 weeks,40 and over,539,20,37.10575139146568
2024,Non-Hispanic Black,32-33 weeks,Under 20,626,17,27.156549520766774
2024,Non-Hispanic Black,32-33 weeks,20-24,1895,40,21.108179419525065
2024,Non-Hispanic Black,32-33 weeks,25-29,2596,48,18.48998459167951
2024,Non-Hispanic Black,32-33 weeks,30-34,2936,53,18.05177111716621
2024,Non-Hispanic Black,32-33 weeks,35-39,1955,27,13.81074168797954
2024,Non-Hispanic Black,32-33 weeks,40 and over,733,18,24.556616643929058
2024,Non-Hispanic Black,34-36 weeks,Under 20,2994,45,15.03006012024048
2024,Non-Hispanic Black,34-36 weeks,20-24,9941,133,13.37893572075244
2024,Non-Hispanic Black,34-36 weeks,25-29,13204,129,9.769766737352317
2024,Non-Hispanic Black,34-36 weeks,30-34,14791,109,7.369346224055169
2024,Non-Hispanic Black,34-36 weeks,35-39,9975,73,7.318295739348371
2024,Non-Hispanic Black,34-36 weeks,40 and over,3435,28,8.151382823871907
2024,Non-Hispanic Black,37-38 weeks,Under 20,7874,66,8.382016764033528
2024,Non-Hispanic Black,37-38 weeks,20-24,28547,190,6.6556906154762325
2024,Non-Hispanic Black,37-38 weeks,25-29,37636,171,4.543522159634393
2024,Non-Hispanic Black,37-38 weeks,30-34,39933,158,3.9566273508126115
2024,Non-Hispanic Black,37-38 weeks,35-39,25034,107,4.274187105536471
2024,Non-Hispanic Black,37-38 weeks,40 and over,8142,47,5.772537460083518
2024,Non-Hispanic Black,39-41 weeks,Under 20,12797,76,5.938891927795577
2024,Non-Hispanic Black,39-41 weeks,20-24,46920,239,5.093776641091218
2024,Non-Hispanic Black,39-41 weeks,25-29,59890,191,3.1891801636333277
2024,Non-Hispanic Black,39-41 weeks,30-34,59740,157,2.628054904586542
2024,Non-Hispanic Black,39-41 weeks,35-39,32434,77,2.3740519208238267
2024,Non-Hispanic Black,39-41 weeks,40 and over,8204,28,3.4129692832764507
2024,Non-Hispanic Black,42+ weeks,Under 20,1565,8,5.111821086261981
2024,Non-Hispanic Black,42+ weeks,20-24,5558,27,4.857862540482188
2024,Non-Hispanic Black,42+ weeks,25-29,6615,21,3.1746031746031744
2024,Non-Hispanic Black,42+ weeks,30-34,6009,18,2.9955067398901645
2024,Non-Hispanic Black,42+ weeks,35-39,3149,16,5.080978088281994
2024,Non-Hispanic Black,42+ weeks,40 and over,794,3,3.778337531486146
2024,Non-Hispanic White,<28 weeks,Under 20,336,117,348.2142857142857
2024,Non-Hispanic White,<28 weeks,20-24,1212,451,372.1122112211221
2024,Non-Hispanic White,<28 weeks,25-29,1905,715,375.3280839895013
2024,Non-Hispanic White,<28 weeks,30-34,2242,815,363.51471900089206
2024,Non-Hispanic White,<28 weeks,35-39,1308,466,356.2691131498471
2024,Non-Hispanic White,<28 weeks,40 and over,361,119,329.63988919667594
2024,Non-Hispanic White,28-31 weeks,Under 20,484,33,68.18181818181817
2024,Non-Hispanic White,28-31 weeks,20-24,2043,98,47.96867351933432
2024,Non-Hispanic White,28-31 weeks,25-29,3608,158,43.791574279379155
2024,Non-Hispanic White,28-31 weeks,30-34,4264,181,42.4484052532833
2024,Non-Hispanic White,28-31 weeks,35-39,2694,117,43.42984409799554
2024,Non-Hispanic White,28-31 weeks,40 and over,818,36,44.00977995110025
2024,Non-Hispanic White,32-33 weeks,Under 20,709,22,31.029619181946405
2024,Non-Hispanic White,32-33 weeks,20-24,3299,54,16.368596544407396
2024,Non-Hispanic White,32-33 weeks,25-29,5716,85,14.870538838348496
2024,Non-Hispanic White,32-33 weeks,30-34,6768,98,14.479905437352246
2024,Non-Hispanic White,32-33 weeks,35-39,4314,59,13.676402410755678
2024,Non-Hispanic White,32-33 weeks,40 and over,1168,18,15.410958904109588
2024,Non-Hispanic White,34-36 weeks,Under 20,3885,50,12.87001287001287
2024,Non-Hispanic White,34-36 weeks,20-24,19650,193,9.821882951653944
2024,Non-Hispanic White,34-36 weeks,25-29,36393,251,6.896930728436788
2024,Non-Hispanic White,34-36 weeks,30-34,44886,270,6.015238604464644
2024,Non-Hispanic White,34-36 weeks,35-39,28123,139,4.9425736941293605
2024,Non-Hispanic White,34-36 weeks,40 and over,7642,56,7.3279246270609795
2024,Non-Hispanic White,37-38 weeks,Under 20,11285,72,6.380150642445725
2024,Non-Hispanic White,37-38 weeks,20-24,66427,295,4.440965270146175
2024,Non-Hispanic White,37-38 weeks,25-29,129660,341,2.629955267623014
2024,Non-Hispanic White,37-38 weeks,30-34,156529,337,2.152955682333625
2024,Non-Hispanic White,37-38 weeks,35-39,90849,190,2.0913824037688915
2024,Non-Hispanic White,37-38 weeks,40 and over,22313,72,3.2268184466454537
2024,Non-Hispanic White,39-41 weeks,Under 20,23458,101,4.305567397050047
2024,Non-Hispanic White,39-41 weeks,20-24,145374,360,2.476371290602171
2024,Non-Hispanic White,39-41 weeks,25-29,291034,404,1.3881539613928269
2024,Non-Hispanic White,39-41 weeks,30-34,349964,369,1.0543941662571008
2024,Non-Hispanic White,39-41 weeks,35-39,179521,214,1.1920610959163553
2024,Non-Hispanic White,39-41 weeks,40 and over,34630,56,1.6170950043315044
2024,Non-Hispanic White,42+ weeks,Under 20,3440,21,6.104651162790698
2024,Non-Hispanic White,42+ weeks,20-24,18432,51,2.7669270833333335
2024,Non-Hispanic White,42+ weeks,25-29,27728,55,1.9835545297172534
2024,Non-Hispanic White,42+ weeks,30-34,27182,57,2.096975939960268
2024,Non-Hispanic White,42+ weeks,35-39,12904,30,2.3248605083694978
2024,Non-Hispanic White,42+ weeks,40 and over,2600,8,3.076923076923077
